,observation_date,XLC
0,2018-06-19,46.32429885864258
1,2018-06-20,46.89919662475586
2,2018-06-21,46.61174392700195
3,2018-06-22,46.815731048583984
4,2018-06-25,45.85143280029297
5,2018-06-26,45.927459716796875
6,2018-06-27,45.526893615722656
7,2018-06-28,45.981239318847656
8,2018-06-29,45.925594329833984
9,2018-07-02,46.21304702758789
10,2018-07-03,45.64742660522461
11,2018-07-05,46.34284973144531
12,2018-07-06,47.07536697387695
13,2018-07-09,47.34425735473633
14,2018-07-10,47.324798583984375
15,2018-07-11,47.260807037353516
16,2018-07-12,48.00260543823242
17,2018-07-13,47.92842102050781
18,2018-07-16,47.789329528808594
19,2018-07-17,47.79861068725586
20,2018-07-18,47.65951156616211
21,2018-07-19,47.32571792602539
22,2018-07-20,47.16808319091797
23,2018-07-23,47.36280822753906
24,2018-07-24,47.69660949707031
25,2018-07-25,48.03968048095703
26,2018-07-26,46.227882385253906
27,2018-07-27,45.35072708129883
28,2018-07-30,44.636756896972656
29,2018-07-31,44.93346405029297
30,2018-08-01,44.74803161621094
31,2018-08-02,45.04473114013672
32,2018-08-03,45.35072708129883
33,2018-08-06,45.8050651550293
34,2018-08-07,45.860694885253906
35,2018-08-08,45.823604583740234
36,2018-08-09,46.073970794677734
37,2018-08-10,45.68452072143555
38,2018-08-13,45.6196174621582
39,2018-08-14,45.94414520263672
40,2018-08-15,45.30437469482422
41,2018-08-16,45.28581619262695
42,2018-08-17,45.07255935668945
43,2018-08-20,45.146732330322266
44,2018-08-21,45.42491149902344
45,2018-08-22,45.3692626953125
46,2018-08-23,45.18381118774414
47,2018-08-24,45.84214401245117
48,2018-08-27,46.28721237182617
49,2018-08-28,46.08323669433594
50,2018-08-29,46.34284973144531
51,2018-08-30,46.055416107177734
52,2018-08-31,45.60107421875
53,2018-09-04,45.03547286987305
54,2018-09-05,44.45130920410156
55,2018-09-06,44.11751174926758
56,2018-09-07,44.210227966308594
57,2018-09-10,44.302947998046875
58,2018-09-11,44.74803161621094
59,2018-09-12,44.61819839477539
60,2018-09-13,44.93346405029297
61,2018-09-14,44.85000991821289
62,2018-09-17,44.414215087890625
63,2018-09-18,44.72947311401367
64,2018-09-19,44.85000991821289
65,2018-09-20,45.341453552246094
66,2018-09-21,45.13876724243164
67,2018-09-24,45.13876724243164
68,2018-09-25,45.157371520996094
69,2018-09-26,45.334007263183594
70,2018-09-27,45.72450256347656
71,2018-09-28,45.55715560913086
72,2018-10-01,45.37119674682617
73,2018-10-02,45.334007263183594
74,2018-10-03,45.538551330566406
75,2018-10-04,44.88774490356445
76,2018-10-05,44.460060119628906
77,2018-10-08,44.31130599975586
78,2018-10-09,44.28340530395508
79,2018-10-10,42.53550338745117
80,2018-10-11,42.17290496826172
81,2018-10-12,43.111942291259766
82,2018-10-15,42.944576263427734
83,2018-10-16,44.07886505126953
84,2018-10-17,44.255516052246094
85,2018-10-18,43.44664001464844
86,2018-10-19,43.437347412109375
87,2018-10-22,43.40945053100586
88,2018-10-23,43.31648635864258
89,2018-10-24,41.25246047973633
90,2018-10-25,42.619178771972656
91,2018-10-26,41.4662971496582
92,2018-10-29,40.824790954589844
93,2018-10-30,41.94046401977539
94,2018-10-31,42.80513381958008
95,2018-11-01,43.056148529052734
96,2018-11-02,42.619178771972656
97,2018-11-05,42.44253158569336
98,2018-11-06,42.69355392456055
99,2018-11-07,43.47453308105469
100,2018-11-08,43.06544494628906
101,2018-11-09,42.18220520019531
102,2018-11-12,41.54996871948242
103,2018-11-13,41.41981887817383
104,2018-11-14,41.624351501464844
105,2018-11-15,41.93115997314453
106,2018-11-16,41.72662353515625
107,2018-11-19,40.462188720703125
108,2018-11-20,39.932228088378906
109,2018-11-21,40.406394958496094
110,2018-11-23,39.8764533996582
111,2018-11-26,40.787593841552734
112,2018-11-27,40.917755126953125
113,2018-11-28,41.77310562133789
114,2018-11-29,41.91257858276367
115,2018-11-30,41.84748840332031
116,2018-12-03,41.91257858276367
117,2018-12-04,40.67601776123047
118,2018-12-06,41.131587982177734
119,2018-12-07,40.350616455078125
120,2018-12-10,40.657432556152344
121,2018-12-11,40.69462585449219
122,2018-12-12,41.131587982177734
123,2018-12-13,40.945648193359375
124,2018-12-14,40.54585647583008
125,2018-12-17,39.75558090209961
126,2018-12-18,39.932228088378906
127,2018-12-19,39.076873779296875
128,2018-12-20,38.38887405395508
129,2018-12-21,37.133365631103516
130,2018-12-24,36.34984588623047
131,2018-12-26,38.39259338378906
132,2018-12-27,38.56982421875
133,2018-12-28,38.448570251464844
134,2018-12-31,38.50453186035156
135,2019-01-02,39.01755142211914
136,2019-01-03,38.36463165283203
137,2019-01-04,40.01560974121094
138,2019-01-07,40.472660064697266
139,2019-01-08,41.15357971191406
140,2019-01-09,41.20955276489258
141,2019-01-10,41.29349899291992
142,2019-01-11,41.08828353881836
143,2019-01-14,40.939048767089844
144,2019-01-15,41.619972229003906
145,2019-01-16,41.442752838134766
146,2019-01-17,41.610652923583984
147,2019-01-18,41.94643783569336
148,2019-01-22,41.0789680480957
149,2019-01-23,40.892417907714844
150,2019-01-24,41.0789680480957
151,2019-01-25,41.601314544677734
152,2019-01-28,41.23754119873047
153,2019-01-29,40.75248336791992
154,2019-01-30,41.340126037597656
155,2019-01-31,43.02842712402344
156,2019-02-01,42.87919235229492
157,2019-02-04,43.28028869628906
158,2019-02-05,43.7559814453125
159,2019-02-06,42.7765998840332
160,2019-02-07,42.36617660522461
161,2019-02-08,42.65534591674805
162,2019-02-11,42.21693801879883
163,2019-02-12,42.701969146728516
164,2019-02-13,42.72996139526367
165,2019-02-14,42.88853073120117
166,2019-02-15,43.075077056884766
167,2019-02-19,43.12171936035156
168,2019-02-20,42.972469329833984
169,2019-02-21,42.57139205932617
170,2019-02-22,42.972469329833984
171,2019-02-25,43.01910400390625
172,2019-02-26,43.01910400390625
173,2019-02-27,42.80458068847656
174,2019-02-28,42.83256530761719
175,2019-03-01,43.168357849121094
176,2019-03-04,43.22431564331055
177,2019-03-05,43.494834899902344
178,2019-03-06,43.47616958618164
179,2019-03-07,43.09373474121094
180,2019-03-08,43.06574630737305
181,2019-03-11,43.839942932128906
182,2019-03-12,44.03582763671875
183,2019-03-13,44.16641616821289
184,2019-03-14,43.97053909301758
185,2019-03-15,43.93596267700195
186,2019-03-18,43.56219482421875
187,2019-03-19,43.6369514465332
188,2019-03-20,44.0294075012207
189,2019-03-21,44.608734130859375
190,2019-03-22,43.889244079589844
191,2019-03-25,43.81448745727539
192,2019-03-26,44.0294075012207
193,2019-03-27,43.711708068847656
194,2019-03-28,43.608924865722656
195,2019-03-29,43.702354431152344
196,2019-04-01,44.36579132080078
197,2019-04-02,44.599403381347656
198,2019-04-03,44.76758575439453
199,2019-04-04,45.01987075805664
200,2019-04-05,45.15069580078125
201,2019-04-08,45.06659698486328
202,2019-04-09,45.188072204589844
203,2019-04-10,45.38430404663086
204,2019-04-11,45.412322998046875
205,2019-04-12,45.80477523803711
206,2019-04-15,45.767398834228516
207,2019-04-16,45.814125061035156
208,2019-04-17,45.89822769165039
209,2019-04-18,45.9262580871582
210,2019-04-22,46.1318244934082
211,2019-04-23,46.74853515625
212,2019-04-24,46.53361511230469
213,2019-04-25,47.056884765625
214,2019-04-26,47.430660247802734
215,2019-04-29,47.8604850769043
216,2019-04-30,46.78590393066406
217,2019-05-01,46.54296112060547
218,2019-05-02,46.35608673095703
219,2019-05-03,46.80459976196289
220,2019-05-06,46.7298469543457
221,2019-05-07,45.972984313964844
222,2019-05-08,45.89822769165039
223,2019-05-09,45.75806427001953
224,2019-05-10,45.888877868652344
225,2019-05-13,44.46857452392578
226,2019-05-14,44.72085189819336
227,2019-05-15,45.72068405151367
228,2019-05-16,46.12248992919922
229,2019-05-17,45.786094665527344
230,2019-05-20,45.029212951660156
231,2019-05-21,45.52446746826172
232,2019-05-22,45.47773361206055
233,2019-05-23,44.84233093261719
234,2019-05-24,44.83299255371094
235,2019-05-28,45.029212951660156
236,2019-05-29,44.590049743652344
237,2019-05-30,44.69283676147461
238,2019-05-31,44.001373291015625
239,2019-06-03,42.61845016479492
240,2019-06-04,43.53417205810547
241,2019-06-05,43.552852630615234
242,2019-06-06,43.73973846435547
243,2019-06-07,44.44988250732422
244,2019-06-10,44.412513732910156
245,2019-06-11,44.599403381347656
246,2019-06-12,44.38447570800781
247,2019-06-13,44.87970733642578
248,2019-06-14,44.96380615234375
249,2019-06-17,45.47773361206055
250,2019-06-18,45.73002624511719
251,2019-06-19,45.786094665527344
252,2019-06-20,46.07576370239258
253,2019-06-21,46.27058792114258
254,2019-06-24,46.38298034667969
255,2019-06-25,45.52125930786133
256,2019-06-26,45.343299865722656
257,2019-06-27,45.66176223754883
258,2019-06-28,46.10197830200195
259,2019-07-01,46.476646423339844
260,2019-07-02,46.907501220703125
261,2019-07-03,47.151031494140625
262,2019-07-05,47.21660232543945
263,2019-07-08,46.795101165771484
264,2019-07-09,47.08546829223633
265,2019-07-10,47.619361877441406
266,2019-07-11,47.64745330810547
267,2019-07-12,47.994022369384766
268,2019-07-15,48.003387451171875
269,2019-07-16,47.8909912109375
270,2019-07-17,47.44139862060547
271,2019-07-18,47.057373046875
272,2019-07-19,46.448551177978516
273,2019-07-22,46.626502990722656
274,2019-07-23,46.80447769165039
275,2019-07-24,47.21660232543945
276,2019-07-25,47.09482955932617
277,2019-07-26,48.44361114501953
278,2019-07-29,48.17198944091797
279,2019-07-30,47.94719314575195
280,2019-07-31,47.56315994262695
281,2019-08-01,47.33835983276367
282,2019-08-02,46.87940979003906
283,2019-08-05,45.362037658691406
284,2019-08-06,46.0176887512207
285,2019-08-07,46.07387924194336
286,2019-08-08,47.00117111206055
287,2019-08-09,46.476646423339844
288,2019-08-12,45.98021697998047
289,2019-08-13,46.65460968017578
290,2019-08-14,44.99673843383789
291,2019-08-15,45.0716667175293
292,2019-08-16,45.65238952636719
293,2019-08-19,46.36424255371094
294,2019-08-20,46.05515670776367
295,2019-08-21,46.233123779296875
296,2019-08-22,46.13009262084961
297,2019-08-23,44.86560821533203
298,2019-08-26,45.540000915527344
299,2019-08-27,45.62429428100586
300,2019-08-28,45.73670196533203
301,2019-08-29,46.448551177978516
302,2019-08-30,46.3923454284668
303,2019-09-03,45.93339920043945
304,2019-09-04,46.82320022583008
305,2019-09-05,47.619361877441406
306,2019-09-06,47.51633071899414
307,2019-09-09,47.66619873046875
308,2019-09-10,47.73175811767578
309,2019-09-11,47.984649658203125
310,2019-09-12,48.12514877319336
311,2019-09-13,48.04085922241211
312,2019-09-16,47.86288833618164
313,2019-09-17,47.90971755981445
314,2019-09-18,47.853519439697266
315,2019-09-19,47.900360107421875
316,2019-09-20,47.589599609375
317,2019-09-23,47.42060470581055
318,2019-09-24,46.70709228515625
319,2019-09-25,47.24223327636719
320,2019-09-26,46.78221130371094
321,2019-09-27,46.25645065307617
322,2019-09-30,46.49116134643555
323,2019-10-01,46.0217399597168
324,2019-10-02,45.32701110839844
325,2019-10-03,45.76825714111328
326,2019-10-04,46.38788604736328
327,2019-10-07,46.38788604736328
328,2019-10-08,45.63682174682617
329,2019-10-09,45.909088134765625
330,2019-10-10,46.17195510864258
331,2019-10-11,46.71648406982422
332,2019-10-14,46.61321258544922
333,2019-10-15,47.41122817993164
334,2019-10-16,47.4957160949707
335,2019-10-17,47.777366638183594
336,2019-10-18,47.22346115112305
337,2019-10-21,47.50511169433594
338,2019-10-22,47.04508972167969
339,2019-10-23,47.41122817993164
340,2019-10-24,46.8760871887207
341,2019-10-25,47.24223327636719
342,2019-10-28,47.68348693847656
343,2019-10-29,47.251625061035156
344,2019-10-30,47.383060455322266
345,2019-10-31,47.52388000488281
346,2019-11-01,47.83369827270508
347,2019-11-04,48.096561431884766
348,2019-11-05,48.115352630615234
349,2019-11-06,47.94636154174805
350,2019-11-07,48.24678421020508
351,2019-11-08,48.37821960449219
352,2019-11-11,48.15291213989258
353,2019-11-12,48.209228515625
354,2019-11-13,48.19045639038086
355,2019-11-14,48.40638732910156
356,2019-11-15,48.810089111328125
357,2019-11-18,48.97909164428711
358,2019-11-19,49.00725173950195
359,2019-11-20,48.706817626953125
360,2019-11-21,48.8382568359375
361,2019-11-22,48.85702896118164
362,2019-11-25,49.00725173950195
363,2019-11-26,49.166839599609375
364,2019-11-27,49.51421356201172
365,2019-11-29,49.34523010253906
366,2019-12-02,48.87580108642578
367,2019-12-03,48.78193283081055
368,2019-12-04,49.03540802001953
369,2019-12-05,49.24195098876953
370,2019-12-06,49.53299331665039
371,2019-12-09,49.34523010253906
372,2019-12-10,49.176231384277344
373,2019-12-11,49.401554107666016
374,2019-12-12,49.457889556884766
375,2019-12-13,49.34523010253906
376,2019-12-16,49.83342742919922
377,2019-12-17,49.78647994995117
378,2019-12-18,50.12445831298828
379,2019-12-19,50.584495544433594
380,2019-12-20,50.74161911010742
381,2019-12-23,50.60989761352539
382,2019-12-24,50.60047149658203
383,2019-12-26,50.986244201660156
384,2019-12-27,50.892154693603516
385,2019-12-30,50.36527633666992
386,2019-12-31,50.45935821533203
387,2020-01-02,51.05209732055664
388,2020-01-03,50.722801208496094
389,2020-01-06,51.400238037109375
390,2020-01-07,51.46609115600586
391,2020-01-08,51.833030700683594
392,2020-01-09,52.10589599609375
393,2020-01-10,51.898902893066406
394,2020-01-13,52.388160705566406
395,2020-01-14,52.25643539428711
396,2020-01-15,52.510467529296875
397,2020-01-16,52.91504669189453
398,2020-01-17,53.32904052734375
399,2020-01-21,53.28199768066406
400,2020-01-22,53.25376892089844
401,2020-01-23,53.037353515625
402,2020-01-24,52.397560119628906
403,2020-01-27,51.57899475097656
404,2020-01-28,52.17176055908203
405,2020-01-29,52.08707809448242
406,2020-01-30,51.560184478759766
407,2020-01-31,50.722801208496094
408,2020-02-03,51.324974060058594
409,2020-02-04,51.861263275146484
410,2020-02-05,51.945945739746094
411,2020-02-06,52.595157623291016
412,2020-02-07,52.557518005371094
413,2020-02-10,52.86800003051758
414,2020-02-11,52.81155014038086
415,2020-02-12,53.498390197753906
416,2020-02-13,53.507808685302734
417,2020-02-14,53.57366943359375
418,2020-02-18,53.93120574951172
419,2020-02-19,54.17583084106445
420,2020-02-20,53.62071990966797
421,2020-02-21,52.80214309692383
422,2020-02-24,51.033294677734375
423,2020-02-25,49.66901779174805
424,2020-02-26,49.57494354248047
425,2020-02-27,47.617897033691406
426,2020-02-28,47.759037017822266
427,2020-03-02,49.41497802734375
428,2020-03-03,47.787261962890625
429,2020-03-04,49.509071350097656
430,2020-03-05,47.70257568359375
431,2020-03-06,46.874610900878906
432,2020-03-09,43.75088119506836
433,2020-03-10,45.98077392578125
434,2020-03-11,44.00492477416992
435,2020-03-12,39.874473571777344
436,2020-03-13,43.459205627441406
437,2020-03-16,38.557228088378906
438,2020-03-17,40.231990814208984
439,2020-03-18,38.89595031738281
440,2020-03-19,39.59220886230469
441,2020-03-20,37.84217834472656
442,2020-03-23,38.04313278198242
443,2020-03-24,40.383094787597656
444,2020-03-25,39.760353088378906
445,2020-03-26,42.02483367919922
446,2020-03-27,40.34534454345703
447,2020-03-30,41.8172607421875
448,2020-03-31,41.74176788330078
449,2020-04-01,40.08115768432617
450,2020-04-02,40.59067153930664
451,2020-04-03,39.76979446411133
452,2020-04-06,42.39280700683594
453,2020-04-07,42.70417404174805
454,2020-04-08,43.61940002441406
455,2020-04-09,43.9401969909668
456,2020-04-13,44.00625228881836
457,2020-04-14,45.308326721191406
458,2020-04-15,44.88373565673828
459,2020-04-16,45.06300354003906
460,2020-04-17,45.67628479003906
461,2020-04-20,45.26115417480469
462,2020-04-21,43.83641052246094
463,2020-04-22,45.01582336425781
464,2020-04-23,45.33662796020508
465,2020-04-24,45.91217041015625
466,2020-04-27,46.28958511352539
467,2020-04-28,45.449851989746094
468,2020-04-29,47.64827346801758
469,2020-04-30,47.44069290161133
470,2020-05-01,46.78022766113281
471,2020-05-04,47.0538444519043
472,2020-05-05,47.299156188964844
473,2020-05-06,47.167076110839844
474,2020-05-07,48.05399703979492
475,2020-05-08,48.93147659301758
476,2020-05-11,48.959781646728516
477,2020-05-12,48.00682067871094
478,2020-05-13,47.185935974121094
479,2020-05-14,47.69544982910156
480,2020-05-15,48.35592269897461
481,2020-05-18,49.37493133544922
482,2020-05-19,49.36549377441406
483,2020-05-20,50.73362350463867
484,2020-05-21,50.37506866455078
485,2020-05-22,50.677001953125
486,2020-05-26,50.818538665771484
487,2020-05-27,51.17708206176758
488,2020-05-28,50.69587707519531
489,2020-05-29,50.9694938659668
490,2020-06-01,51.55448913574219
491,2020-06-02,51.76206970214844
492,2020-06-03,51.92245864868164
493,2020-06-04,51.53561782836914
494,2020-06-05,52.375362396240234
495,2020-06-08,53.356632232666016
496,2020-06-09,53.22454071044922
497,2020-06-10,53.06412887573242
498,2020-06-11,50.62039566040039
499,2020-06-12,51.06385803222656
500,2020-06-15,51.88471603393555
501,2020-06-16,52.3093147277832
502,2020-06-17,52.375362396240234
503,2020-06-18,52.545188903808594
504,2020-06-19,52.40366744995117
505,2020-06-22,52.519012451171875
506,2020-06-23,52.85935974121094
507,2020-06-24,51.668113708496094
508,2020-06-25,51.89501953125
509,2020-06-26,49.60706329345703
510,2020-06-29,50.524131774902344
511,2020-06-30,51.09140396118164
512,2020-07-01,52.358280181884766
513,2020-07-02,52.188106536865234
514,2020-07-06,53.23753356933594
515,2020-07-07,53.08626937866211
516,2020-07-08,53.558990478515625
517,2020-07-09,53.62516784667969
518,2020-07-10,54.55169677734375
519,2020-07-13,53.45498275756836
520,2020-07-14,53.984432220458984
521,2020-07-15,54.305877685546875
522,2020-07-16,54.400421142578125
523,2020-07-17,54.27751922607422
524,2020-07-20,54.92986297607422
525,2020-07-21,54.66515350341797
526,2020-07-22,54.72187042236328
527,2020-07-23,53.833168029785156
528,2020-07-24,53.74806594848633
529,2020-07-27,54.11680221557617
530,2020-07-28,53.558990478515625
531,2020-07-29,54.05060958862305
532,2020-07-30,54.20189666748047
533,2020-07-31,54.95823287963867
534,2020-08-03,55.00550842285156
535,2020-08-04,55.35531234741211
536,2020-08-05,55.270225524902344
537,2020-08-06,56.72620391845703
538,2020-08-07,56.660011291503906
539,2020-08-10,56.47092819213867
540,2020-08-11,55.629486083984375
541,2020-08-12,56.291297912597656
542,2020-08-13,56.5749397277832
543,2020-08-14,56.56548309326172
544,2020-08-17,56.631656646728516
545,2020-08-18,57.142189025878906
546,2020-08-19,56.98146438598633
547,2020-08-20,57.690547943115234
548,2020-08-21,57.43527603149414
549,2020-08-24,58.13491439819336
550,2020-08-25,58.683250427246094
551,2020-08-26,60.68757629394531
552,2020-08-27,59.950130462646484
553,2020-08-28,60.091957092285156
554,2020-08-31,59.80831527709961
555,2020-09-01,60.29994583129883
556,2020-09-02,61.58576583862305
557,2020-09-03,59.49633026123047
558,2020-09-04,58.40907669067383
559,2020-09-08,56.86800765991211
560,2020-09-09,57.548736572265625
561,2020-09-10,56.697837829589844
562,2020-09-11,56.518192291259766
563,2020-09-14,56.73565673828125
564,2020-09-15,57.74728012084961
565,2020-09-16,57.1232795715332
566,2020-09-17,56.073848724365234
567,2020-09-18,55.53495407104492
568,2020-09-21,54.88500213623047
569,2020-09-22,55.946144104003906
570,2020-09-23,54.610252380371094
571,2020-09-24,54.7144660949707
572,2020-09-25,55.444000244140625
573,2020-09-28,56.18299865722656
574,2020-09-29,56.239837646484375
575,2020-09-30,56.277740478515625
576,2020-10-01,57.08306121826172
577,2020-10-02,55.955623626708984
578,2020-10-05,56.87461853027344
579,2020-10-06,55.68085479736328
580,2020-10-07,56.08824157714844
581,2020-10-08,56.817779541015625
582,2020-10-09,57.15886688232422
583,2020-10-12,58.66527557373047
584,2020-10-13,58.72212600708008
585,2020-10-14,58.02103042602539
586,2020-10-15,57.57572937011719
587,2020-10-16,57.585208892822266
588,2020-10-19,56.5525016784668
589,2020-10-20,56.95988082885742
590,2020-10-21,57.916812896728516
591,2020-10-22,58.2957763671875
592,2020-10-23,58.84529495239258
593,2020-10-26,57.55678176879883
594,2020-10-27,57.92628479003906
595,2020-10-28,55.652435302734375
596,2020-10-29,57.05464172363281
597,2020-10-30,56.08824157714844
598,2020-11-02,56.0598258972168
599,2020-11-03,56.89356994628906
600,2020-11-04,59.34743118286133
601,2020-11-05,60.493839263916016
602,2020-11-06,60.351722717285156
603,2020-11-09,59.84010696411133
604,2020-11-10,59.65061569213867
605,2020-11-11,60.19064712524414
606,2020-11-12,59.849578857421875
607,2020-11-13,60.74016571044922
608,2020-11-16,61.12860870361328
609,2020-11-17,60.91069793701172
610,2020-11-18,60.29487609863281
611,2020-11-19,60.66437530517578
612,2020-11-20,60.52226257324219
613,2020-11-23,60.550682067871094
614,2020-11-24,61.79182815551758
615,2020-11-25,61.7823600769043
616,2020-11-27,62.18027114868164
617,2020-11-30,61.96236038208008
618,2020-12-01,63.09927749633789
619,2020-12-02,63.68667984008789
620,2020-12-03,63.402462005615234
621,2020-12-04,63.45930862426758
622,2020-12-07,63.85721969604492
623,2020-12-08,63.76248550415039
624,2020-12-09,63.00456237792969
625,2020-12-10,63.04243087768555
626,2020-12-11,63.421417236328125
627,2020-12-14,63.222450256347656
628,2020-12-15,63.74356460571289
629,2020-12-16,63.68667984008789
630,2020-12-17,63.525630950927734
631,2020-12-18,63.58249282836914
632,2020-12-21,63.03871536254883
633,2020-12-22,62.45038604736328
634,2020-12-23,62.810977935791016
635,2020-12-24,62.87741470336914
636,2020-12-28,64.00665283203125
637,2020-12-29,63.94972229003906
638,2020-12-30,63.522708892822266
639,2020-12-31,64.03512573242188
640,2021-01-04,63.08619689941406
641,2021-01-05,63.31393814086914
642,2021-01-06,63.01026916503906
643,2021-01-07,63.845333099365234
644,2021-01-08,64.04460906982422
645,2021-01-11,62.9058837890625
646,2021-01-12,61.890499114990234
647,2021-01-13,62.10875701904297
648,2021-01-14,61.757652282714844
649,2021-01-15,61.95693588256836
650,2021-01-19,63.076683044433594
651,2021-01-20,65.05998992919922
652,2021-01-21,65.2972183227539
653,2021-01-22,65.32568359375
654,2021-01-25,65.70526123046875
655,2021-01-26,66.59728240966797
656,2021-01-27,64.44317626953125
657,2021-01-28,64.67093658447266
658,2021-01-29,63.46575164794922
659,2021-02-01,64.65193939208984
660,2021-02-02,65.63884735107422
661,2021-02-03,66.52136993408203
662,2021-02-04,66.9199447631836
663,2021-02-05,67.7645034790039
664,2021-02-08,68.03019714355469
665,2021-02-09,68.25794982910156
666,2021-02-10,68.90324401855469
667,2021-02-11,68.97916412353516
668,2021-02-12,69.2733154296875
669,2021-02-16,69.6054458618164
670,2021-02-17,69.80471801757812
671,2021-02-18,69.46312713623047
672,2021-02-19,68.7798843383789
673,2021-02-22,68.50469207763672
674,2021-02-23,69.03610229492188
675,2021-02-24,69.15945434570312
676,2021-02-25,67.65061950683594
677,2021-02-26,67.91632843017578
678,2021-03-01,69.65289306640625
679,2021-03-02,69.1404800415039
680,2021-03-03,68.15357208251953
681,2021-03-04,68.03019714355469
682,2021-03-05,69.62445068359375
683,2021-03-08,68.69446563720703
684,2021-03-09,69.46312713623047
685,2021-03-10,69.75728607177734
686,2021-03-11,71.07634735107422
687,2021-03-12,70.87705993652344
688,2021-03-15,71.37998962402344
689,2021-03-16,72.12967681884766
690,2021-03-17,72.1391372680664
691,2021-03-18,70.94348907470703
692,2021-03-19,71.560302734375
693,2021-03-22,72.16204071044922
694,2021-03-23,71.62969207763672
695,2021-03-24,69.8235092163086
696,2021-03-25,69.48127746582031
697,2021-03-26,68.72077941894531
698,2021-03-29,69.42426300048828
699,2021-03-30,69.42426300048828
700,2021-03-31,69.6999282836914
701,2021-04-01,70.8977279663086
702,2021-04-05,72.39019775390625
703,2021-04-06,72.57080841064453
704,2021-04-07,73.1316909790039
705,2021-04-08,73.14118957519531
706,2021-04-09,73.12218475341797
707,2021-04-12,72.82748413085938
708,2021-04-13,72.92253875732422
709,2021-04-14,72.17154693603516
710,2021-04-15,73.09367370605469
711,2021-04-16,73.04612731933594
712,2021-04-19,72.63736724853516
713,2021-04-20,72.24761962890625
714,2021-04-21,72.37117767333984
715,2021-04-22,71.83882904052734
716,2021-04-23,72.6753921508789
717,2021-04-26,72.82748413085938
718,2021-04-27,72.53279876708984
719,2021-04-28,73.19821166992188
720,2021-04-29,75.22306060791016
721,2021-04-30,74.1963882446289
722,2021-05-03,73.80663299560547
723,2021-05-04,73.14118957519531
724,2021-05-05,72.99859619140625
725,2021-05-06,73.85414123535156
726,2021-05-07,74.41502380371094
727,2021-05-10,72.98908996582031
728,2021-05-11,72.77996063232422
729,2021-05-12,71.35401916503906
730,2021-05-13,71.86734771728516
731,2021-05-14,73.2837905883789
732,2021-05-17,72.70391845703125
733,2021-05-18,71.96240997314453
734,2021-05-19,72.07649230957031
735,2021-05-20,73.31230163574219
736,2021-05-21,73.06511688232422
737,2021-05-24,74.3960189819336
738,2021-05-25,74.37699890136719
739,2021-05-26,74.86181640625
740,2021-05-27,75.14702606201172
741,2021-05-28,74.89984893798828
742,2021-06-01,74.94738006591797
743,2021-06-02,74.7192153930664
744,2021-06-03,74.21538543701172
745,2021-06-04,75.28010559082031
746,2021-06-07,75.66985321044922
747,2021-06-08,75.45122528076172
748,2021-06-09,75.37516021728516
749,2021-06-10,75.78394317626953
750,2021-06-11,75.86946868896484
751,2021-06-14,76.37330627441406
752,2021-06-15,75.93603515625
753,2021-06-16,75.27058410644531
754,2021-06-17,75.58430480957031
755,2021-06-18,74.70022583007812
756,2021-06-21,75.42491912841797
757,2021-06-22,76.07252502441406
758,2021-06-23,75.99634552001953
759,2021-06-24,76.71058654785156
760,2021-06-25,76.80583190917969
761,2021-06-28,77.67245483398438
762,2021-06-29,77.25343322753906
763,2021-06-30,77.110595703125
764,2021-07-01,77.6819839477539
765,2021-07-02,78.22479248046875
766,2021-07-06,78.03433990478516
767,2021-07-07,77.9200668334961
768,2021-07-08,77.06298065185547
769,2021-07-09,77.74864196777344
770,2021-07-12,78.30101013183594
771,2021-07-13,78.10101318359375
772,2021-07-14,78.04386901855469
773,2021-07-15,77.49150085449219
774,2021-07-16,77.00581359863281
775,2021-07-19,75.83445739746094
776,2021-07-20,76.6915512084961
777,2021-07-21,77.32959747314453
778,2021-07-22,77.59627532958984
779,2021-07-23,79.51998138427734
780,2021-07-26,79.92950439453125
781,2021-07-27,78.9771499633789
782,2021-07-28,79.59618377685547
783,2021-07-29,78.73908996582031
784,2021-07-30,78.472412109375
785,2021-08-02,78.29146575927734
786,2021-08-03,77.93910217285156
787,2021-08-04,78.15816497802734
788,2021-08-05,78.87239837646484
789,2021-08-06,78.87239837646484
790,2021-08-09,78.72955322265625
791,2021-08-10,78.88191986083984
792,2021-08-11,79.03429412841797
793,2021-08-12,79.17715454101562
794,2021-08-13,79.22476959228516
795,2021-08-16,79.35809326171875
796,2021-08-17,78.70098114013672
797,2021-08-18,78.10101318359375
798,2021-08-19,78.11053466796875
799,2021-08-20,78.78668212890625
800,2021-08-23,79.739013671875
801,2021-08-24,79.99616241455078
802,2021-08-25,80.11996459960938
803,2021-08-26,79.42475128173828
804,2021-08-27,80.68183135986328
805,2021-08-30,81.23419189453125
806,2021-08-31,81.5389404296875
807,2021-09-01,81.94842529296875
808,2021-09-02,81.3960952758789
809,2021-09-03,81.3960952758789
810,2021-09-07,81.58655548095703
811,2021-09-08,81.16752624511719
812,2021-09-09,80.76754760742188
813,2021-09-10,80.24375915527344
814,2021-09-13,80.4437484741211
815,2021-09-14,79.74854278564453
816,2021-09-15,80.13899230957031
817,2021-09-16,80.06282043457031
818,2021-09-17,79.17715454101562
819,2021-09-20,77.58594512939453
820,2021-09-21,77.26158905029297
821,2021-09-22,77.2234115600586
822,2021-09-23,78.01521301269531
823,2021-09-24,78.65437316894531
824,2021-09-27,78.64484405517578
825,2021-09-28,76.72736358642578
826,2021-09-29,76.66059875488281
827,2021-09-30,76.4220962524414
828,2021-10-01,77.70995330810547
829,2021-10-04,76.03096008300781
830,2021-10-05,77.16618347167969
831,2021-10-06,77.29973602294922
832,2021-10-07,77.63362884521484
833,2021-10-08,77.2520523071289
834,2021-10-11,76.08821105957031
835,2021-10-12,75.38227081298828
836,2021-10-13,75.7352523803711
837,2021-10-14,76.80368041992188
838,2021-10-15,76.6224365234375
839,2021-10-18,77.21390533447266
840,2021-10-19,77.95796966552734
841,2021-10-20,78.11061096191406
842,2021-10-21,78.33956146240234
843,2021-10-22,76.6796646118164
844,2021-10-25,77.0135498046875
845,2021-10-26,76.32669830322266
846,2021-10-27,76.1168212890625
847,2021-10-28,76.36486053466797
848,2021-10-29,76.60336303710938
849,2021-11-01,76.72736358642578
850,2021-11-02,76.73690032958984
851,2021-11-03,77.0135498046875
852,2021-11-04,77.31881713867188
853,2021-11-05,77.93888854980469
854,2021-11-08,77.59546661376953
855,2021-11-09,77.4046859741211
856,2021-11-10,76.52702331542969
857,2021-11-11,76.37439727783203
858,2021-11-12,77.49052429199219
859,2021-11-15,77.70995330810547
860,2021-11-16,77.12801361083984
861,2021-11-17,76.8322982788086
862,2021-11-18,76.27899932861328
863,2021-11-19,76.02145385742188
864,2021-11-22,75.0960922241211
865,2021-11-23,74.895751953125
866,2021-11-24,75.00068664550781
867,2021-11-26,73.62698364257812
868,2021-11-29,74.25658416748047
869,2021-11-30,71.90030670166016
870,2021-12-01,70.24040222167969
871,2021-12-02,71.42333984375
872,2021-12-03,71.26115417480469
873,2021-12-06,72.43453216552734
874,2021-12-07,73.17861938476562
875,2021-12-08,73.71280670166016
876,2021-12-09,73.13091278076172
877,2021-12-10,73.1690673828125
878,2021-12-13,72.78749084472656
879,2021-12-14,72.5967025756836
880,2021-12-15,73.35987854003906
881,2021-12-16,73.25493621826172
882,2021-12-17,72.95921325683594
883,2021-12-20,72.44970703125
884,2021-12-21,73.82624816894531
885,2021-12-22,74.00785064697266
886,2021-12-23,74.66743469238281
887,2021-12-27,75.3939437866211
888,2021-12-28,75.355712890625
889,2021-12-29,74.98290252685547
890,2021-12-30,75.2983627319336
891,2021-12-31,74.25640106201172
892,2022-01-03,74.77259826660156
893,2022-01-04,74.61009979248047
894,2022-01-05,72.73645782470703
895,2022-01-06,73.06149291992188
896,2022-01-07,73.07105255126953
897,2022-01-10,72.61219787597656
898,2022-01-11,73.52034759521484
899,2022-01-12,73.61592864990234
900,2022-01-13,72.85118103027344
901,2022-01-14,73.18577575683594
902,2022-01-18,72.2967529296875
903,2022-01-19,72.17247772216797
904,2022-01-20,71.45553588867188
905,2022-01-21,69.03704071044922
906,2022-01-24,69.5436782836914
907,2022-01-25,68.1193618774414
908,2022-01-26,67.12519073486328
909,2022-01-27,67.20166015625
910,2022-01-28,69.12306213378906
911,2022-01-31,70.69078826904297
912,2022-02-01,71.30259704589844
913,2022-02-02,72.72691345214844
914,2022-02-03,67.86125183105469
915,2022-02-04,68.0333023071289
916,2022-02-07,66.84796905517578
917,2022-02-08,66.81929779052734
918,2022-02-09,68.70246124267578
919,2022-02-10,67.71786499023438
920,2022-02-11,66.25529479980469
921,2022-02-14,66.26486206054688
922,2022-02-15,67.19209289550781
923,2022-02-16,66.72371673583984
924,2022-02-17,64.94567108154297
925,2022-02-18,64.43903350830078
926,2022-02-22,63.77943420410156
927,2022-02-23,62.70880126953125
928,2022-02-24,64.46770477294922
929,2022-02-25,65.50965881347656
930,2022-02-28,65.43319702148438
931,2022-03-01,64.61109161376953
932,2022-03-02,65.16553497314453
933,2022-03-03,64.48680877685547
934,2022-03-04,63.55957794189453
935,2022-03-07,61.44697570800781
936,2022-03-08,61.294036865234375
937,2022-03-09,63.12941360473633
938,2022-03-10,62.661014556884766
939,2022-03-11,61.53302001953125
940,2022-03-14,60.816062927246094
941,2022-03-15,61.9822998046875
942,2022-03-16,63.69341278076172
943,2022-03-17,64.38166046142578
944,2022-03-18,65.22289276123047
945,2022-03-21,64.61241912841797
946,2022-03-22,65.81993865966797
947,2022-03-23,64.91909790039062
948,2022-03-24,65.98285675048828
949,2022-03-25,66.29911804199219
950,2022-03-28,66.50995635986328
951,2022-03-29,67.66957092285156
952,2022-03-30,67.19037628173828
953,2022-03-31,65.91576385498047
954,2022-04-01,66.40455627441406
955,2022-04-04,68.23500061035156
956,2022-04-05,67.36290740966797
957,2022-04-06,66.10746002197266
958,2022-04-07,65.53243255615234
959,2022-04-08,65.24494171142578
960,2022-04-11,64.40156555175781
961,2022-04-12,63.874488830566406
962,2022-04-13,64.81368255615234
963,2022-04-14,63.7115592956543
964,2022-04-18,63.50071334838867
965,2022-04-19,64.7657470703125
966,2022-04-20,61.957767486572266
967,2022-04-21,60.19438934326172
968,2022-04-22,58.766441345214844
969,2022-04-25,59.57146453857422
970,2022-04-26,57.61640548706055
971,2022-04-27,56.33220672607422
972,2022-04-28,58.5843505859375
973,2022-04-29,56.60055160522461
974,2022-05-02,58.16267395019531
975,2022-05-03,58.31601333618164
976,2022-05-04,60.3189811706543
977,2022-05-05,58.095584869384766
978,2022-05-06,56.89764404296875
979,2022-05-09,55.42177963256836
980,2022-05-10,55.67094421386719
981,2022-05-11,54.66468048095703
982,2022-05-12,55.25885009765625
983,2022-05-13,56.55263900756836
984,2022-05-16,56.18846130371094
985,2022-05-17,57.4151611328125
986,2022-05-18,55.536781311035156
987,2022-05-19,55.46010971069336
988,2022-05-20,55.60386657714844
989,2022-05-23,56.43762969970703
990,2022-05-24,54.434669494628906
991,2022-05-25,55.16302490234375
992,2022-05-26,56.504722595214844
993,2022-05-27,57.712249755859375
994,2022-05-31,57.673912048339844
995,2022-06-01,57.01264190673828
996,2022-06-02,58.40226364135742
997,2022-06-03,57.13722610473633
998,2022-06-06,57.424739837646484
999,2022-06-07,57.836830139160156
1000,2022-06-08,57.68349075317383
1001,2022-06-09,55.91054153442383
1002,2022-06-10,54.34840774536133
1003,2022-06-13,51.7800178527832
1004,2022-06-14,51.63626480102539
1005,2022-06-15,52.79587936401367
1006,2022-06-16,50.86958694458008
1007,2022-06-17,51.59793472290039
1008,2022-06-21,51.96299362182617
1009,2022-06-22,52.04945373535156
1010,2022-06-23,52.69309616088867
1011,2022-06-24,54.7009162902832
1012,2022-06-27,54.182151794433594
1013,2022-06-28,52.60664367675781
1014,2022-06-29,52.76995086669922
1015,2022-06-30,52.13590621948242
1016,2022-07-01,52.66427993774414
1017,2022-07-05,53.88435363769531
1018,2022-07-06,53.89394760131836
1019,2022-07-07,54.73934555053711
1020,2022-07-08,54.479957580566406
1021,2022-07-11,52.827598571777344
1022,2022-07-12,52.79878234863281
1023,2022-07-13,52.55860900878906
1024,2022-07-14,51.89574432373047
1025,2022-07-15,53.231082916259766
1026,2022-07-18,52.96208953857422
1027,2022-07-19,54.84502410888672
1028,2022-07-20,55.748050689697266
1029,2022-07-21,55.71923065185547
1030,2022-07-22,53.788272857666016
1031,2022-07-25,53.605751037597656
1032,2022-07-26,52.5297966003418
1033,2022-07-27,54.74894714355469
1034,2022-07-28,54.12451171875
1035,2022-07-29,54.15332794189453
1036,2022-08-01,54.076473236083984
1037,2022-08-02,53.990020751953125
1038,2022-08-03,55.286930084228516
1039,2022-08-04,55.52709197998047
1040,2022-08-05,54.84502410888672
1041,2022-08-08,55.16204071044922
1042,2022-08-09,54.624061584472656
1043,2022-08-10,56.161136627197266
1044,2022-08-11,56.218788146972656
1045,2022-08-12,57.217891693115234
1046,2022-08-15,57.41962814331055
1047,2022-08-16,57.534908294677734
1048,2022-08-17,56.420528411865234
1049,2022-08-18,56.33406448364258
1050,2022-08-19,55.42142105102539
1051,2022-08-22,53.836307525634766
1052,2022-08-23,53.37518310546875
1053,2022-08-24,53.69221115112305
1054,2022-08-25,54.73934555053711
1055,2022-08-26,52.99092102050781
1056,2022-08-29,52.577823638916016
1057,2022-08-30,52.11669921875
1058,2022-08-31,52.24159240722656
1059,2022-09-01,52.721923828125
1060,2022-09-02,51.72282409667969
1061,2022-09-06,51.07916259765625
1062,2022-09-07,52.10708999633789
1063,2022-09-08,51.982200622558594
1064,2022-09-09,53.432830810546875
1065,2022-09-12,53.71141815185547
1066,2022-09-13,50.76214599609375
1067,2022-09-14,50.848602294921875
1068,2022-09-15,50.627647399902344
1069,2022-09-16,50.089664459228516
1070,2022-09-19,50.37848663330078
1071,2022-09-20,49.598690032958984
1072,2022-09-21,48.385684967041016
1073,2022-09-22,48.21238708496094
1074,2022-09-23,47.27857208251953
1075,2022-09-26,46.508399963378906
1076,2022-09-27,46.25809097290039
1077,2022-09-28,47.836936950683594
1078,2022-09-29,46.67206573486328
1079,2022-09-30,46.10405731201172
1080,2022-10-03,47.39408874511719
1081,2022-10-04,48.847782135009766
1082,2022-10-05,48.472312927246094
1083,2022-10-06,48.21238708496094
1084,2022-10-07,46.91273498535156
1085,2022-10-10,46.78758239746094
1086,2022-10-11,45.91151809692383
1087,2022-10-12,45.853759765625
1088,2022-10-13,46.96086502075195
1089,2022-10-14,46.190704345703125
1090,2022-10-17,47.46147537231445
1091,2022-10-18,47.81767654418945
1092,2022-10-19,47.85619354248047
1093,2022-10-20,47.97172164916992
1094,2022-10-21,48.279781341552734
1095,2022-10-24,48.616729736328125
1096,2022-10-25,49.90674591064453
1097,2022-10-26,48.32791519165039
1098,2022-10-27,46.03667068481445
1099,2022-10-28,47.2015495300293
1100,2022-10-31,46.412132263183594
1101,2022-11-01,46.113685607910156
1102,2022-11-02,44.81403350830078
1103,2022-11-03,43.7165412902832
1104,2022-11-04,44.014984130859375
1105,2022-11-07,44.804405212402344
1106,2022-11-08,44.85253143310547
1107,2022-11-09,44.246028900146484
1108,2022-11-10,46.92237091064453
1109,2022-11-11,48.154632568359375
1110,2022-11-14,47.96208572387695
1111,2022-11-15,48.674495697021484
1112,2022-11-16,48.19313049316406
1113,2022-11-17,47.82730484008789
1114,2022-11-18,47.68289566040039
1115,2022-11-21,47.28819274902344
1116,2022-11-22,47.990966796875
1117,2022-11-23,48.597469329833984
1118,2022-11-25,48.32791519165039
1119,2022-11-28,47.55775833129883
1120,2022-11-29,47.57699966430664
1121,2022-11-30,49.58906173706055
1122,2022-12-01,49.87787628173828
1123,2022-12-02,50.003021240234375
1124,2022-12-05,49.2136116027832
1125,2022-12-06,47.798423767089844
1126,2022-12-07,47.55775833129883
1127,2022-12-08,47.46147537231445
1128,2022-12-09,47.59625244140625
1129,2022-12-12,47.97172164916992
1130,2022-12-13,48.780391693115234
1131,2022-12-14,48.14500045776367
1132,2022-12-15,46.267723083496094
1133,2022-12-16,46.25809097290039
1134,2022-12-19,45.17527770996094
1135,2022-12-20,45.48409652709961
1136,2022-12-21,46.08245086669922
1137,2022-12-22,45.686767578125
1138,2022-12-23,46.130706787109375
1139,2022-12-27,45.71571350097656
1140,2022-12-28,45.049827575683594
1141,2022-12-29,46.29476547241211
1142,2022-12-30,46.31406784057617
1143,2023-01-03,46.912418365478516
1144,2023-01-04,47.79063415527344
1145,2023-01-05,47.858192443847656
1146,2023-01-06,48.6399040222168
1147,2023-01-09,48.71710968017578
1148,2023-01-10,49.450565338134766
1149,2023-01-11,49.807647705078125
1150,2023-01-12,50.35774230957031
1151,2023-01-13,50.521812438964844
1152,2023-01-17,50.04891586303711
1153,2023-01-18,49.440914154052734
1154,2023-01-19,49.69184112548828
1155,2023-01-20,51.24560546875
1156,2023-01-23,52.14313507080078
1157,2023-01-24,51.998374938964844
1158,2023-01-25,52.18173599243164
1159,2023-01-26,52.99240493774414
1160,2023-01-27,53.359134674072266
1161,2023-01-30,52.5195198059082
1162,2023-01-31,53.156471252441406
1163,2023-02-01,53.78376388549805
1164,2023-02-02,57.31595230102539
1165,2023-02-03,56.16750717163086
1166,2023-02-06,55.491947174072266
1167,2023-02-07,56.52458953857422
1168,2023-02-08,54.748844146728516
1169,2023-02-09,53.55215072631836
1170,2023-02-10,53.04065704345703
1171,2023-02-13,53.79341506958008
1172,2023-02-14,53.81271743774414
1173,2023-02-15,54.30491256713867
1174,2023-02-16,53.474945068359375
1175,2023-02-17,53.41703796386719
1176,2023-02-21,52.239646911621094
1177,2023-02-22,52.345802307128906
1178,2023-02-23,52.10453414916992
1179,2023-02-24,51.3807258605957
1180,2023-02-27,51.5447883605957
1181,2023-02-28,51.63164138793945
1182,2023-03-01,51.235965728759766
1183,2023-03-02,51.718502044677734
1184,2023-03-03,52.84764099121094
1185,2023-03-06,52.84764099121094
1186,2023-03-07,52.307193756103516
1187,2023-03-08,52.336151123046875
1188,2023-03-09,51.15876007080078
1189,2023-03-10,50.4349479675293
1190,2023-03-13,50.4349479675293
1191,2023-03-14,51.86326599121094
1192,2023-03-15,52.42300796508789
1193,2023-03-16,53.60040283203125
1194,2023-03-17,53.08891677856445
1195,2023-03-20,53.485679626464844
1196,2023-03-21,54.62758255004883
1197,2023-03-22,53.6695442199707
1198,2023-03-23,54.540489196777344
1199,2023-03-24,54.82112503051758
1200,2023-03-27,54.51145935058594
1201,2023-03-28,54.06631088256836
1202,2023-03-29,54.78240966796875
1203,2023-03-30,55.0437126159668
1204,2023-03-31,56.098514556884766
1205,2023-04-03,56.33075714111328
1206,2023-04-04,56.504947662353516
1207,2023-04-05,56.32109069824219
1208,2023-04-06,57.02751922607422
1209,2023-04-10,56.90171813964844
1210,2023-04-11,56.75655746459961
1211,2023-04-12,56.1662483215332
1212,2023-04-13,57.33718490600586
1213,2023-04-14,57.317832946777344
1214,2023-04-17,56.98880386352539
1215,2023-04-18,56.698490142822266
1216,2023-04-19,56.272701263427734
1217,2023-04-20,55.69206619262695
1218,2023-04-21,55.827545166015625
1219,2023-04-24,55.769493103027344
1220,2023-04-25,54.8985481262207
1221,2023-04-26,54.31791305541992
1222,2023-04-27,57.47266387939453
1223,2023-04-28,57.96620178222656
1224,2023-05-01,57.95652770996094
1225,2023-05-02,56.882354736328125
1226,2023-05-03,56.6597900390625
1227,2023-05-04,55.7501335144043
1228,2023-05-05,56.4468879699707
1229,2023-05-08,57.01783752441406
1230,2023-05-09,56.6597900390625
1231,2023-05-10,57.163002014160156
1232,2023-05-11,57.73394775390625
1233,2023-05-12,57.78232955932617
1234,2023-05-15,58.05329513549805
1235,2023-05-16,57.985557556152344
1236,2023-05-17,58.69198989868164
1237,2023-05-18,59.74679946899414
1238,2023-05-19,59.427452087402344
1239,2023-05-22,59.9693717956543
1240,2023-05-23,59.22423553466797
1241,2023-05-24,58.953269958496094
1242,2023-05-25,58.953269958496094
1243,2023-05-26,60.15325164794922
1244,2023-05-30,60.25001525878906
1245,2023-05-31,60.23066329956055
1246,2023-06-01,61.04354476928711
1247,2023-06-02,61.1209602355957
1248,2023-06-05,61.275794982910156
1249,2023-06-06,61.527400970458984
1250,2023-06-07,60.8403205871582
1251,2023-06-08,61.14998245239258
1252,2023-06-09,61.16933822631836
1253,2023-06-12,61.8951301574707
1254,2023-06-13,62.09834671020508
1255,2023-06-14,62.20479965209961
1256,2023-06-15,63.19187927246094
1257,2023-06-16,62.669307708740234
1258,2023-06-20,62.36396789550781
1259,2023-06-21,61.74363708496094
1260,2023-06-22,62.228275299072266
1261,2023-06-23,62.09257507324219
1262,2023-06-26,61.472232818603516
1263,2023-06-27,62.50936508178711
1264,2023-06-28,62.79045867919922
1265,2023-06-29,62.45121383666992
1266,2023-06-30,63.08124542236328
1267,2023-07-03,63.29448699951172
1268,2023-07-05,63.77914047241211
1269,2023-07-06,63.275108337402344
1270,2023-07-07,63.052181243896484
1271,2023-07-10,62.887393951416016
1272,2023-07-11,63.98267364501953
1273,2023-07-12,64.75811004638672
1274,2023-07-13,65.70801544189453
1275,2023-07-14,65.08767700195312
1276,2023-07-17,64.85504913330078
1277,2023-07-18,65.30091857910156
1278,2023-07-19,65.48507690429688
1279,2023-07-20,64.1862564086914
1280,2023-07-21,63.54651641845703
1281,2023-07-24,63.66282272338867
1282,2023-07-25,63.86638259887695
1283,2023-07-26,64.86473846435547
1284,2023-07-27,65.40755462646484
1285,2023-07-28,66.69669342041016
1286,2023-07-31,66.67731475830078
1287,2023-08-01,66.5900650024414
1288,2023-08-02,65.3396987915039
1289,2023-08-03,65.17491912841797
1290,2023-08-04,65.0295181274414
1291,2023-08-07,66.03756713867188
1292,2023-08-08,65.85340881347656
1293,2023-08-09,65.14583587646484
1294,2023-08-10,65.3687744140625
1295,2023-08-11,65.05860137939453
1296,2023-08-14,65.53355407714844
1297,2023-08-15,64.95197296142578
1298,2023-08-16,64.1765365600586
1299,2023-08-17,63.439884185791016
1300,2023-08-18,63.061866760253906
1301,2023-08-21,63.51742935180664
1302,2023-08-22,63.51742935180664
1303,2023-08-23,64.54489135742188
1304,2023-08-24,63.30417251586914
1305,2023-08-25,63.372039794921875
1306,2023-08-28,64.1474609375
1307,2023-08-29,65.57232666015625
1308,2023-08-30,65.58201599121094
1309,2023-08-31,65.64986419677734
1310,2023-09-01,65.0392074584961
1311,2023-09-05,65.0295181274414
1312,2023-09-06,64.8259506225586
1313,2023-09-07,64.70966339111328
1314,2023-09-08,64.90351104736328
1315,2023-09-11,65.88249969482422
1316,2023-09-12,65.19430541992188
1317,2023-09-13,65.40755462646484
1318,2023-09-14,66.31865692138672
1319,2023-09-15,65.43660736083984
1320,2023-09-18,65.4832534790039
1321,2023-09-19,65.53184509277344
1322,2023-09-20,64.63788604736328
1323,2023-09-21,63.8410758972168
1324,2023-09-22,63.76335144042969
1325,2023-09-25,63.9188117980957
1326,2023-09-26,63.20948028564453
1327,2023-09-27,63.374656677246094
1328,2023-09-28,64.07429504394531
1329,2023-09-29,63.714744567871094
1330,2023-10-02,64.1908950805664
1331,2023-10-03,63.326072692871094
1332,2023-10-04,63.92852783203125
1333,2023-10-05,63.8410758972168
1334,2023-10-06,65.01683807373047
1335,2023-10-09,65.71646881103516
1336,2023-10-10,66.0954360961914
1337,2023-10-11,66.69788360595703
1338,2023-10-12,65.91080474853516
1339,2023-10-13,65.17232513427734
1340,2023-10-16,66.22176361083984
1341,2023-10-17,66.45497131347656
1342,2023-10-18,65.30835723876953
1343,2023-10-19,65.24034118652344
1344,2023-10-20,64.63788604736328
1345,2023-10-23,64.97798156738281
1346,2023-10-24,65.7456283569336
1347,2023-10-25,62.898529052734375
1348,2023-10-26,61.528419494628906
1349,2023-10-27,61.304927825927734
1350,2023-10-30,62.568138122558594
1351,2023-10-31,62.88880157470703
1352,2023-11-01,63.81191635131836
1353,2023-11-02,64.65731048583984
1354,2023-11-03,65.6484375
1355,2023-11-06,65.47354125976562
1356,2023-11-07,65.8233413696289
1357,2023-11-08,65.51242065429688
1358,2023-11-09,65.49298095703125
1359,2023-11-10,66.53269958496094
1360,2023-11-13,66.38695526123047
1361,2023-11-14,67.46553802490234
1362,2023-11-15,67.79591369628906
1363,2023-11-16,68.09715270996094
1364,2023-11-17,68.08743286132812
1365,2023-11-20,68.85509490966797
1366,2023-11-21,68.62187194824219
1367,2023-11-22,69.18545532226562
1368,2023-11-24,68.95223999023438
1369,2023-11-27,68.52470397949219
1370,2023-11-28,68.68988800048828
1371,2023-11-29,68.19432830810547
1372,2023-11-30,67.79591369628906
1373,2023-12-01,67.93195343017578
1374,2023-12-04,67.25175476074219
1375,2023-12-05,66.94081115722656
1376,2023-12-06,66.76592254638672
1377,2023-12-07,68.1651611328125
1378,2023-12-08,68.48583221435547
1379,2023-12-11,67.96111297607422
1380,2023-12-12,68.24290466308594
1381,2023-12-13,68.88422393798828
1382,2023-12-14,69.18545532226562
1383,2023-12-15,69.01054382324219
1384,2023-12-18,69.86190032958984
1385,2023-12-19,70.572998046875
1386,2023-12-20,70.02751159667969
1387,2023-12-21,70.71910858154297
1388,2023-12-22,70.7288589477539
1389,2023-12-26,71.0015869140625
1390,2023-12-27,71.01133728027344
1391,2023-12-28,71.20614624023438
1392,2023-12-29,70.77755737304688
1393,2024-01-02,70.37818145751953
1394,2024-01-03,70.11518096923828
1395,2024-01-04,69.88137817382812
1396,2024-01-05,70.17362213134766
1397,2024-01-08,71.26461791992188
1398,2024-01-09,71.11849212646484
1399,2024-01-10,71.78086853027344
1400,2024-01-11,71.54708099365234
1401,2024-01-12,71.89776611328125
1402,2024-01-16,71.48863983154297
1403,2024-01-17,71.05030822753906
1404,2024-01-18,71.91724395751953
1405,2024-01-19,72.89134216308594
1406,2024-01-22,73.03744506835938
1407,2024-01-23,73.75827026367188
1408,2024-01-24,74.21610260009766
1409,2024-01-25,75.42398834228516
1410,2024-01-26,75.6675033569336
1411,2024-01-29,76.30066680908203
1412,2024-01-30,75.78439331054688
1413,2024-01-31,73.91413116455078
1414,2024-02-01,74.6739273071289
1415,2024-02-02,77.67412567138672
1416,2024-02-05,76.58314514160156
1417,2024-02-06,76.34935760498047
1418,2024-02-07,76.7389907836914
1419,2024-02-08,77.03123474121094
1420,2024-02-09,77.11888885498047
1421,2024-02-12,77.3624267578125
1422,2024-02-13,76.27143859863281
1423,2024-02-14,77.48905181884766
1424,2024-02-15,78.12220001220703
1425,2024-02-16,76.90458679199219
1426,2024-02-20,76.78771209716797
1427,2024-02-21,76.70002746582031
1428,2024-02-22,77.84945678710938
1429,2024-02-23,77.65464782714844
1430,2024-02-26,76.52469635009766
1431,2024-02-27,77.14811706542969
1432,2024-02-28,76.62212371826172
1433,2024-02-29,77.30399322509766
1434,2024-03-01,77.94686889648438
1435,2024-03-04,76.92407989501953
1436,2024-03-05,76.30066680908203
1437,2024-03-06,76.40780639648438
1438,2024-03-07,77.64491271972656
1439,2024-03-08,77.52802276611328
1440,2024-03-11,77.38191223144531
1441,2024-03-12,78.06375885009766
1442,2024-03-13,78.20013427734375
1443,2024-03-14,78.01506805419922
1444,2024-03-15,77.23579406738281
1445,2024-03-18,78.82199096679688
1446,2024-03-19,78.7927017211914
1447,2024-03-20,79.72058868408203
1448,2024-03-21,79.74988555908203
1449,2024-03-22,79.91593170166016
1450,2024-03-25,79.64244079589844
1451,2024-03-26,79.47640991210938
1452,2024-03-27,79.88664245605469
1453,2024-03-28,79.75965881347656
1454,2024-04-01,80.37499237060547
1455,2024-04-02,80.24801635742188
1456,2024-04-03,80.88289642333984
1457,2024-04-04,79.78895568847656
1458,2024-04-05,80.59963989257812
1459,2024-04-08,80.60940551757812
1460,2024-04-09,80.69733428955078
1461,2024-04-10,80.06244659423828
1462,2024-04-11,80.76568603515625
1463,2024-04-12,79.43732452392578
1464,2024-04-15,78.4312973022461
1465,2024-04-16,78.1675796508789
1466,2024-04-17,78.09921264648438
1467,2024-04-18,78.48014068603516
1468,2024-04-19,77.62062072753906
1469,2024-04-22,77.72806549072266
1470,2024-04-23,78.90990447998047
1471,2024-04-24,78.95872497558594
1472,2024-04-25,76.14576721191406
1473,2024-04-26,78.2457275390625
1474,2024-04-29,77.33737182617188
1475,2024-04-30,76.04808044433594
1476,2024-05-01,76.75132751464844
1477,2024-05-02,77.52295684814453
1478,2024-05-03,78.3434066772461
1479,2024-05-06,79.40803527832031
1480,2024-05-07,79.49593353271484
1481,2024-05-08,79.36896514892578
1482,2024-05-09,79.7694091796875
1483,2024-05-10,79.88664245605469
1484,2024-05-13,79.74012756347656
1485,2024-05-14,80.10150909423828
1486,2024-05-15,80.60940551757812
1487,2024-05-16,80.55081939697266
1488,2024-05-17,80.68755340576172
1489,2024-05-20,80.92195129394531
1490,2024-05-21,80.81451416015625
1491,2024-05-22,80.91219329833984
1492,2024-05-23,79.99407958984375
1493,2024-05-24,81.01963806152344
1494,2024-05-28,81.1563720703125
1495,2024-05-29,80.72661590576172
1496,2024-05-30,80.462890625
1497,2024-05-31,81.3224105834961
1498,2024-06-03,81.64472961425781
1499,2024-06-04,81.95729064941406
1500,2024-06-05,82.95355987548828
1501,2024-06-06,83.00239562988281
1502,2024-06-07,82.43589782714844
1503,2024-06-10,82.64099884033203
1504,2024-06-11,82.79727172851562
1505,2024-06-12,82.6214599609375
1506,2024-06-13,81.90845489501953
1507,2024-06-14,82.17218017578125
1508,2024-06-17,82.56287384033203
1509,2024-06-18,82.07450103759766
1510,2024-06-20,82.42611694335938
1511,2024-06-21,82.96332550048828
1512,2024-06-24,83.24143981933594
1513,2024-06-25,84.17179107666016
1514,2024-06-26,84.18158721923828
1515,2024-06-27,84.66144561767578
1516,2024-06-28,83.8877944946289
1517,2024-07-01,83.53524780273438
1518,2024-07-02,84.27952575683594
1519,2024-07-03,84.30889129638672
1520,2024-07-05,85.94434356689453
1521,2024-07-08,85.17069244384766
1522,2024-07-09,85.43510437011719
1523,2024-07-10,85.97373962402344
1524,2024-07-11,84.79855346679688
1525,2024-07-12,84.52434539794922
1526,2024-07-15,84.82793426513672
1527,2024-07-16,85.05316925048828
1528,2024-07-17,83.77027893066406
1529,2024-07-18,83.7213134765625
1530,2024-07-19,83.34916687011719
1531,2024-07-22,83.70172882080078
1532,2024-07-23,83.5842056274414
1533,2024-07-24,81.40034484863281
1534,2024-07-25,80.460205078125
1535,2024-07-26,81.96833801269531
1536,2024-07-29,82.69303131103516
1537,2024-07-30,83.02599334716797
1538,2024-07-31,84.01509857177734
1539,2024-08-01,84.35786437988281
1540,2024-08-02,82.98682403564453
1541,2024-08-05,80.60709381103516
1542,2024-08-06,81.55704498291016
1543,2024-08-07,81.12613677978516
1544,2024-08-08,82.74199676513672
1545,2024-08-09,83.44711303710938
1546,2024-08-12,82.86931610107422
1547,2024-08-13,83.9465560913086
1548,2024-08-14,83.46670532226562
1549,2024-08-15,84.22076416015625
1550,2024-08-16,84.47538757324219
1551,2024-08-19,85.43510437011719
1552,2024-08-20,85.3763427734375
1553,2024-08-21,85.73868560791016
1554,2024-08-22,85.09235382080078
1555,2024-08-23,85.6897201538086
1556,2024-08-26,85.88558197021484
1557,2024-08-27,85.6897201538086
1558,2024-08-28,85.12171936035156
1559,2024-08-29,84.9454574584961
1560,2024-08-30,85.51344299316406
1561,2024-09-03,83.9465560913086
1562,2024-09-04,83.54503631591797
1563,2024-09-05,83.78986358642578
1564,2024-09-06,82.0368881225586
1565,2024-09-09,82.38945770263672
1566,2024-09-10,82.36985778808594
1567,2024-09-11,82.7126235961914
1568,2024-09-12,84.25994110107422
1569,2024-09-13,85.07276153564453
1570,2024-09-16,85.96393585205078
1571,2024-09-17,85.96393585205078
1572,2024-09-18,85.89537811279297
1573,2024-09-19,87.06076049804688
1574,2024-09-20,87.06076049804688
1575,2024-09-23,87.25624084472656
1576,2024-09-24,87.66879272460938
1577,2024-09-25,87.39376068115234
1578,2024-09-26,87.88490295410156
1579,2024-09-27,88.41533660888672
1580,2024-09-30,88.79843139648438
1581,2024-10-01,88.86717987060547
1582,2024-10-02,88.59214782714844
1583,2024-10-03,88.28763580322266
1584,2024-10-04,89.2699203491211
1585,2024-10-07,88.071533203125
1586,2024-10-08,88.84754180908203
1587,2024-10-09,88.87700653076172
1588,2024-10-10,88.2188720703125
1589,2024-10-11,88.82789611816406
1590,2024-10-14,89.2404556274414
1591,2024-10-15,89.43690490722656
1592,2024-10-16,89.37796020507812
1593,2024-10-17,88.95557403564453
1594,2024-10-18,89.61372375488281
1595,2024-10-21,89.26008605957031
1596,2024-10-22,89.3877944946289
1597,2024-10-23,88.71001434326172
1598,2024-10-24,89.0145263671875
1599,2024-10-25,89.2404556274414
1600,2024-10-28,89.81018829345703
1601,2024-10-29,90.6549301147461
1602,2024-10-30,91.20501708984375
1603,2024-10-31,90.40937042236328
1604,2024-11-01,90.76300048828125
1605,2024-11-04,90.45848083496094
1606,2024-11-05,91.46041107177734
1607,2024-11-06,93.70983123779297
1608,2024-11-07,94.93769836425781
1609,2024-11-08,94.47602081298828
1610,2024-11-11,95.00645446777344
1611,2024-11-12,95.43865203857422
1612,2024-11-13,95.47795104980469
1613,2024-11-14,95.3698959350586
1614,2024-11-15,93.46426391601562
1615,2024-11-18,94.38761901855469
1616,2024-11-19,95.00645446777344
1617,2024-11-20,95.61546325683594
1618,2024-11-21,95.3698959350586
1619,2024-11-22,95.16361999511719
1620,2024-11-25,95.65475463867188
1621,2024-11-26,96.00838470458984
1622,2024-11-27,96.1360855102539
1623,2024-11-29,96.65670013427734
1624,2024-12-02,97.45234680175781
1625,2024-12-03,98.23816680908203
1626,2024-12-04,98.4640884399414
1627,2024-12-05,98.23816680908203
1628,2024-12-06,99.14186096191406
1629,2024-12-09,97.02995300292969
1630,2024-12-10,98.55249786376953
1631,2024-12-11,100.1634521484375
1632,2024-12-12,100.35008239746094
1633,2024-12-13,99.15170288085938
1634,2024-12-16,99.53478240966797
1635,2024-12-17,98.78824615478516
1636,2024-12-18,95.96908569335938
1637,2024-12-19,95.70388793945312
1638,2024-12-20,96.22447967529297
1639,2024-12-23,96.7503890991211
1640,2024-12-24,97.66629028320312
1641,2024-12-26,97.53826904296875
1642,2024-12-27,96.67160034179688
1643,2024-12-30,95.65721893310547
1644,2024-12-31,95.3420639038086
1645,2025-01-02,95.80494689941406
1646,2025-01-03,96.3958511352539
1647,2025-01-06,97.43978118896484
1648,2025-01-07,96.35645294189453
1649,2025-01-08,95.78524780273438
1650,2025-01-10,94.35723114013672
1651,2025-01-13,94.3966293334961
1652,2025-01-14,94.08147430419922
1653,2025-01-15,95.62767791748047
1654,2025-01-16,95.08601379394531
1655,2025-01-17,95.91328430175781
1656,2025-01-21,96.7799301147461
1657,2025-01-22,97.74508666992188
1658,2025-01-23,98.00113677978516
1659,2025-01-24,98.88749694824219
1660,2025-01-27,99.39960479736328
1661,2025-01-28,99.88216400146484
1662,2025-01-29,100.32534790039062
1663,2025-01-30,100.423828125
1664,2025-01-31,100.82762145996094
1665,2025-02-03,101.04428100585938
1666,2025-02-04,101.9503173828125
1667,2025-02-05,100.96548461914062
1668,2025-02-06,101.39881896972656
1669,2025-02-07,101.18215942382812
1670,2025-02-10,101.63517761230469
1671,2025-02-11,101.8026123046875
1672,2025-02-12,101.91094207763672
1673,2025-02-13,103.08289337158203
1674,2025-02-14,103.71318817138672
1675,2025-02-18,103.2306137084961
1676,2025-02-19,103.34880828857422
1677,2025-02-20,102.86622619628906
1678,2025-02-21,101.45790100097656
1679,2025-02-24,101.65487670898438
1680,2025-02-25,100.14808654785156
1681,2025-02-26,99.97080993652344
1682,2025-02-27,99.00566864013672
1683,2025-02-28,100.45338439941406
1684,2025-03-03,99.44884490966797
1685,2025-03-04,98.66097259521484
1686,2025-03-05,99.93141174316406
1687,2025-03-06,98.1390151977539
1688,2025-03-07,98.7693099975586
1689,2025-03-10,96.30721282958984
1690,2025-03-11,94.88905334472656
1691,2025-03-12,95.36177062988281
1692,2025-03-13,93.40193176269531
1693,2025-03-14,95.11556243896484
1694,2025-03-17,95.79508972167969
1695,2025-03-18,94.45572662353516
1696,2025-03-19,95.57843780517578
1697,2025-03-20,95.37161254882812
1698,2025-03-21,96.12008666992188
1699,2025-03-24,97.48123168945312
1700,2025-03-25,98.71591186523438
1701,2025-03-26,97.87631225585938
1702,2025-03-27,97.44171142578125
1703,2025-03-28,94.56734466552734
1704,2025-03-31,95.2686538696289
1705,2025-04-01,95.32791900634766
1706,2025-04-02,95.66375732421875
1707,2025-04-03,91.39667510986328
1708,2025-04-04,86.16159057617188
1709,2025-04-07,86.28011322021484
1710,2025-04-08,85.07505798339844
1711,2025-04-09,92.59184265136719
1712,2025-04-10,89.39152526855469
1713,2025-04-11,90.152099609375
1714,2025-04-14,90.75462341308594
1715,2025-04-15,90.98181915283203
1716,2025-04-16,88.53218841552734
1717,2025-04-17,89.10509490966797
1718,2025-04-21,87.0999526977539
1719,2025-04-22,89.37178802490234
1720,2025-04-23,90.80402374267578
1721,2025-04-24,92.6214828491211
1722,2025-04-25,93.20425415039062
1723,2025-04-28,93.55984497070312
1724,2025-04-29,94.24140167236328
1725,2025-04-30,94.27102661132812
1726,2025-05-01,94.75503540039062
1727,2025-05-02,96.22676849365234
1728,2025-05-05,96.45396423339844
1729,2025-05-06,96.43419647216797
1730,2025-05-07,96.25640106201172
1731,2025-05-08,96.48358917236328
1732,2025-05-09,95.98971557617188
1733,2025-05-12,97.9849624633789
1734,2025-05-13,98.94308471679688
1735,2025-05-14,99.45673370361328
1736,2025-05-15,99.85182189941406
1737,2025-05-16,100.53337097167969
1738,2025-05-19,100.63214874267578
1739,2025-05-20,100.38520812988281
1740,2025-05-21,99.634521484375
1741,2025-05-22,99.4172134399414
1742,2025-05-23,98.96284484863281
1743,2025-05-27,100.57288360595703
1744,2025-05-28,100.55313110351562
1745,2025-05-29,99.74317169189453
1746,2025-05-30,100.15802764892578
1747,2025-06-02,100.65189361572266
1748,2025-06-03,100.36544799804688
1749,2025-06-04,101.00749206542969
1750,2025-06-05,101.14578247070312
1751,2025-06-06,102.43973541259766
1752,2025-06-09,102.1434097290039
1753,2025-06-10,103.43736267089844
1754,2025-06-11,103.20030975341797
1755,2025-06-12,102.36070251464844
1756,2025-06-13,101.32357025146484
1757,2025-06-16,103.06201934814453
1758,2025-06-17,102.15328216552734
1759,2025-06-18,102.20266723632812
1760,2025-06-20,101.58038330078125
1761,2025-06-23,102.8666000366211
1762,2025-06-24,104.19339752197266
1763,2025-06-25,104.17359161376953
1764,2025-06-26,105.38157653808594
1765,2025-06-27,106.61925506591797
1766,2025-06-30,107.46088409423828
1767,2025-07-01,106.69847869873047
1768,2025-07-02,106.39152526855469
1769,2025-07-03,106.97571563720703
1770,2025-07-07,105.94596099853516
1771,2025-07-08,105.72811889648438
1772,2025-07-09,106.00537109375
1773,2025-07-10,105.64891052246094
1774,2025-07-11,104.96571350097656
1775,2025-07-14,105.99546813964844
1776,2025-07-15,104.9458999633789
1777,2025-07-16,105.26274871826172
1778,2025-07-17,105.62911224365234
1779,2025-07-18,105.14393615722656
1780,2025-07-21,106.5499496459961
1781,2025-07-22,106.7974853515625
1782,2025-07-23,107.38167572021484
1783,2025-07-24,107.55989837646484
1784,2025-07-25,106.55985260009766
1785,2025-07-28,105.98556518554688
1786,2025-07-29,105.07463073730469
1787,2025-07-30,105.40137481689453
1788,2025-07-31,106.35192108154297
1789,2025-08-01,105.07463073730469
1790,2025-08-04,107.09454345703125
1791,2025-08-05,106.26280212402344
1792,2025-08-06,106.66876983642578
1793,2025-08-07,106.21329498291016
1794,2025-08-08,106.56974792480469
1795,2025-08-11,107.11433410644531
1796,2025-08-12,109.1639404296875
1797,2025-08-13,110.01547241210938
1798,2025-08-14,110.10458374023438
1799,2025-08-15,110.38182830810547
1800,2025-08-18,109.70852661132812
1801,2025-08-19,109.09463500976562
1802,2025-08-20,108.76788330078125
1803,2025-08-21,108.6490707397461
1804,2025-08-22,110.2135009765625
1805,2025-08-25,110.3917236328125
1806,2025-08-26,109.90655517578125
1807,2025-08-27,110.09468078613281
1808,2025-08-28,110.51054382324219
1809,2025-08-29,110.29270935058594
1810,2025-09-02,110.10458374023438
1811,2025-09-03,111.9462661743164
1812,2025-09-04,112.95621490478516
1813,2025-09-05,113.56021118164062
1814,2025-09-08,113.68892669677734
1815,2025-09-09,114.33252716064453
1816,2025-09-10,113.49089813232422
1817,2025-09-11,115.23355102539062
1818,2025-09-12,116.1939926147461
1819,2025-09-15,117.82775115966797
1820,2025-09-16,117.35247039794922
1821,2025-09-17,117.65943145751953
1822,2025-09-18,117.74853515625
1823,2025-09-19,118.23371887207031
1824,2025-09-22,117.82137298583984
1825,2025-09-23,117.65245819091797
1826,2025-09-24,116.67872619628906
1827,2025-09-25,116.28128051757812
1828,2025-09-26,117.41398620605469
1829,2025-09-29,117.79155731201172
1830,2025-09-30,117.61270904541016
1831,2025-10-01,115.96332550048828
1832,2025-10-02,115.70499420166016
1833,2025-10-03,115.64537811279297
1834,2025-10-06,115.76461791992188
1835,2025-10-07,115.3174819946289
1836,2025-10-08,114.84056091308594
1837,2025-10-09,114.18478393554688
1838,2025-10-10,112.0783462524414
1839,2025-10-13,113.11168670654297
1840,2025-10-14,113.85688781738281
1841,2025-10-15,114.66171264648438
1842,2025-10-16,113.4395751953125
1843,2025-10-17,114.20465850830078
1844,2025-10-20,115.49633026123047
1845,2025-10-21,115.90371704101562
1846,2025-10-22,114.9001693725586
1847,2025-10-23,114.5126724243164
1848,2025-10-24,114.81075286865234
1849,2025-10-27,116.41046142578125
1850,2025-10-28,115.83415985107422
1851,2025-10-29,115.54601287841797
1852,2025-10-30,113.588623046875
1853,2025-10-31,114.07547760009766
1854,2025-11-03,112.86328887939453
1855,2025-11-04,112.0882797241211
1856,2025-11-05,112.69437408447266
1857,2025-11-06,111.68090057373047
1858,2025-11-07,111.39276123046875
1859,2025-11-10,112.55526733398438
1860,2025-11-11,113.46939086914062
1861,2025-11-12,112.81361389160156
1862,2025-11-13,111.21391296386719
1863,2025-11-14,110.61775207519531
1864,2025-11-17,110.46871185302734
1865,2025-11-18,111.09467315673828
1866,2025-11-19,110.47865295410156
1867,2025-11-20,109.26644897460938
1868,2025-11-21,111.1841049194336
1869,2025-11-24,112.28700256347656
1870,2025-11-25,113.5687484741211
1871,2025-11-26,113.72772216796875
1872,2025-11-28,114.65177917480469
1873,2025-12-01,114.11522674560547
1874,2025-12-02,114.4927978515625
1875,2025-12-03,114.3934326171875
1876,2025-12-04,115.0492172241211
1877,2025-12-05,116.3806381225586
1878,2025-12-08,115.5162124633789
1879,2025-12-09,115.64537811279297
1880,2025-12-10,116.3210220336914
1881,2025-12-11,116.06269073486328
1882,2025-12-12,115.80435943603516
1883,2025-12-15,115.82422637939453
1884,2025-12-16,115.90371704101562
1885,2025-12-17,115.06908416748047
1886,2025-12-18,115.72486114501953
1887,2025-12-19,115.7745361328125
1888,2025-12-22,116.28890991210938
1889,2025-12-23,117.01658630371094
1890,2025-12-24,117.71435546875
1891,2025-12-26,117.59474182128906
1892,2025-12-29,117.5149917602539
1893,2025-12-30,117.9137191772461
1894,2025-12-31,117.34553527832031
1895,2026-01-02,116.52814483642578
1896,2026-01-05,117.37544250488281
1897,2026-01-06,116.95677947998047
1898,2026-01-07,116.71753692626953
1899,2026-01-08,117.1063003540039
1900,2026-01-09,117.5349349975586
1901,2026-01-12,117.17607879638672
1902,2026-01-13,116.51817321777344
1903,2026-01-14,116.26896667480469
1904,2026-01-15,115.84033966064453
1905,2026-01-16,114.80364227294922
1906,2026-01-20,113.10905456542969
1907,2026-01-21,114.2653579711914
1908,2026-01-22,115.88021087646484
1909,2026-01-23,116.58795166015625
1910,2026-01-26,117.39537048339844
1911,2026-01-27,116.52814483642578
1912,2026-01-28,116.37862396240234
1913,2026-01-29,119.40895080566406
1914,2026-01-30,119.69802856445312
1915,2026-02-02,119.2893295288086
1916,2026-02-03,117.36547088623047
1917,2026-02-04,116.428466796875
1918,2026-02-05,115.84033966064453
1919,2026-02-06,115.39176940917969
1920,2026-02-09,116.5082015991211
1921,2026-02-10,117.20597839355469
1922,2026-02-11,116.36865234375
1923,2026-02-12,114.27532958984375
1924,2026-02-13,114.21552276611328
1925,2026-02-17,114.03609466552734
1926,2026-02-18,114.2254867553711
1927,2026-02-19,114.77374267578125
1928,2026-02-20,116.428466796875
1929,2026-02-23,114.9930419921875
1930,2026-02-24,115.7905044555664
1931,2026-02-25,116.1294174194336
1932,2026-02-26,116.34871673583984
1933,2026-02-27,117.67449188232422
1934,2026-03-02,117.49506378173828
1935,2026-03-03,117.58477020263672
1936,2026-03-04,118.4121322631836
1937,2026-03-05,118.06324768066406
1938,2026-03-06,117.08636474609375
1939,2026-03-09,117.18604278564453
1940,2026-03-10,117.0066146850586
1941,2026-03-11,116.62782287597656
1942,2026-03-12,114.90332794189453
1943,2026-03-13,114.0859375
1944,2026-03-16,114.96314239501953
1945,2026-03-17,115.00301361083984
1946,2026-03-18,113.29845428466797
1947,2026-03-19,112.78010559082031
1948,2026-03-20,111.87300109863281
1949,2026-03-23,112.70999908447266
1950,2026-03-24,111.12999725341797
1951,2026-03-25,111.44000244140625
1952,2026-03-26,108.80999755859375
1953,2026-03-27,107.04000091552734
1954,2026-03-30,107.95999908447266
1955,2026-03-31,110.86000061035156
1956,2026-04-01,111.23999786376953
1957,2026-04-02,111.69999694824219
1958,2026-04-06,111.76000213623047
1959,2026-04-07,111.81999969482422
1960,2026-04-08,113.80999755859375
1961,2026-04-09,114.2699966430664
1962,2026-04-10,113.94999694824219
