,observation_date,XLRE
0,2015-10-08,21.04412269592285
1,2015-10-09,21.009300231933594
2,2015-10-12,21.141651153564453
3,2015-10-13,21.009300231933594
4,2015-10-14,21.009300231933594
5,2015-10-15,20.946598052978516
6,2015-10-16,21.34505844116211
7,2015-10-19,21.59444236755371
8,2015-10-20,21.615331649780273
9,2015-10-21,21.632749557495117
10,2015-10-22,21.906511306762695
11,2015-10-23,21.643199920654297
12,2015-10-26,21.671064376831055
13,2015-10-27,21.676637649536133
14,2015-10-28,21.597925186157227
15,2015-10-29,21.696138381958008
16,2015-10-30,21.55961036682129
17,2015-11-02,21.55961036682129
18,2015-11-03,21.83824920654297
19,2015-11-04,21.747678756713867
20,2015-11-05,21.664093017578125
21,2015-11-06,20.863014221191406
22,2015-11-09,20.695825576782227
23,2015-11-10,20.91873550415039
24,2015-11-11,20.991188049316406
25,2015-11-12,20.863014221191406
26,2015-11-13,20.591341018676758
27,2015-11-16,20.5704402923584
28,2015-11-17,20.89087677001953
29,2015-11-18,21.138168334960938
30,2015-11-19,21.253101348876953
31,2015-11-20,21.427249908447266
32,2015-11-23,21.53870391845703
33,2015-11-24,21.211313247680664
34,2015-11-25,21.211313247680664
35,2015-11-27,21.37152671813965
36,2015-11-30,21.4202880859375
37,2015-12-01,21.774856567382812
38,2015-12-02,21.329729080200195
39,2015-12-03,20.904808044433594
40,2015-12-04,21.329729080200195
41,2015-12-07,21.329729080200195
42,2015-12-08,21.39939308166504
43,2015-12-09,21.280969619750977
44,2015-12-10,21.106821060180664
45,2015-12-11,20.993972778320312
46,2015-12-14,21.05875587463379
47,2015-12-15,21.30186653137207
48,2015-12-16,21.684988021850586
49,2015-12-17,21.65713119506836
50,2015-12-18,21.37540626525879
51,2015-12-21,21.410627365112305
52,2015-12-22,21.60782814025879
53,2015-12-23,21.81911849975586
54,2015-12-24,21.840251922607422
55,2015-12-28,21.78179168701172
56,2015-12-29,22.14309310913086
57,2015-12-30,22.14309310913086
58,2015-12-31,21.96278953552246
59,2016-01-04,21.452880859375
60,2016-01-05,22.10295295715332
61,2016-01-06,21.889549255371094
62,2016-01-07,21.488100051879883
63,2016-01-08,21.20638084411621
64,2016-01-11,21.333152770996094
65,2016-01-12,21.100730895996094
66,2016-01-13,20.882402420043945
67,2016-01-14,20.952835083007812
68,2016-01-15,20.600683212280273
69,2016-01-19,20.741548538208008
70,2016-01-20,20.18514633178711
71,2016-01-21,20.3400936126709
72,2016-01-22,20.762666702270508
73,2016-01-25,20.762666702270508
74,2016-01-26,20.94719886779785
75,2016-01-27,20.762666702270508
76,2016-01-28,20.53729820251465
77,2016-01-29,20.558425903320312
78,2016-02-01,20.99509048461914
79,2016-02-02,20.727462768554688
80,2016-02-03,20.74858856201172
81,2016-02-04,20.873249053955078
82,2016-02-05,20.493629455566406
83,2016-02-08,19.407604217529297
84,2016-02-09,19.255475997924805
85,2016-02-10,19.663965225219727
86,2016-02-11,19.170957565307617
87,2016-02-12,19.36112403869629
88,2016-02-16,19.36112403869629
89,2016-02-17,19.96681785583496
90,2016-02-18,20.213321685791016
91,2016-02-19,20.18514633178711
92,2016-02-22,20.495040893554688
93,2016-02-23,20.3893985748291
94,2016-02-24,20.40629768371582
95,2016-02-25,20.53729820251465
96,2016-02-26,20.685199737548828
97,2016-02-29,20.657028198242188
98,2016-03-01,21.150035858154297
99,2016-03-02,21.38245391845703
100,2016-03-03,21.412038803100586
101,2016-03-04,21.47401237487793
102,2016-03-07,21.459928512573242
103,2016-03-08,21.42753028869629
104,2016-03-09,21.36202621459961
105,2016-03-10,21.26131820678711
106,2016-03-11,21.755727767944336
107,2016-03-14,21.826160430908203
108,2016-03-15,21.970542907714844
109,2016-03-16,21.805030822753906
110,2016-03-17,22.53468132019043
111,2016-03-18,22.376127243041992
112,2016-03-21,22.262361526489258
113,2016-03-22,22.223251342773438
114,2016-03-23,22.1414794921875
115,2016-03-24,22.177034378051758
116,2016-03-28,22.319238662719727
117,2016-03-29,22.802745819091797
118,2016-03-30,22.75296974182129
119,2016-03-31,22.866731643676758
120,2016-04-01,22.91437339782715
121,2016-04-04,22.880952835083008
122,2016-04-05,22.676183700561523
123,2016-04-06,22.738750457763672
124,2016-04-07,22.553882598876953
125,2016-04-08,22.76719093322754
126,2016-04-11,22.75296974182129
127,2016-04-12,22.85251808166504
128,2016-04-13,22.765058517456055
129,2016-04-14,22.674758911132812
130,2016-04-15,22.8311824798584
131,2016-04-18,22.91650390625
132,2016-04-19,22.838287353515625
133,2016-04-20,22.610763549804688
134,2016-04-21,22.087444305419922
135,2016-04-22,22.36901092529297
136,2016-04-25,22.52614974975586
137,2016-04-26,22.58942985534668
138,2016-04-27,22.504106521606445
139,2016-04-28,22.5268611907959
140,2016-04-29,22.3121337890625
141,2016-05-02,22.546770095825195
142,2016-05-03,22.66053581237793
143,2016-05-04,22.987611770629883
144,2016-05-05,23.008939743041992
145,2016-05-06,23.129817962646484
146,2016-05-09,23.363040924072266
147,2016-05-10,23.449779510498047
148,2016-05-11,23.023162841796875
149,2016-05-12,23.101375579833984
150,2016-05-13,22.76790428161621
151,2016-05-16,23.078622817993164
152,2016-05-17,22.696090698242188
153,2016-05-18,22.136503219604492
154,2016-05-19,22.091716766357422
155,2016-05-20,22.24245834350586
156,2016-05-23,22.3121337890625
157,2016-05-24,22.461450576782227
158,2016-05-25,22.613609313964844
159,2016-05-26,22.59654426574707
160,2016-05-27,22.6854190826416
161,2016-05-31,22.696090698242188
162,2016-06-01,22.610763549804688
163,2016-06-02,22.68187141418457
164,2016-06-03,22.784255981445312
165,2016-06-06,22.795635223388672
166,2016-06-07,22.814117431640625
167,2016-06-08,22.923616409301758
168,2016-06-09,22.97196388244629
169,2016-06-10,22.859628677368164
170,2016-06-13,22.85251808166504
171,2016-06-14,22.745861053466797
172,2016-06-15,22.98050308227539
173,2016-06-16,23.098527908325195
174,2016-06-17,23.062685012817383
175,2016-06-20,23.084192276000977
176,2016-06-21,23.270584106445312
177,2016-06-22,23.24907875061035
178,2016-06-23,23.349449157714844
179,2016-06-24,23.05551528930664
180,2016-06-27,23.019670486450195
181,2016-06-28,23.442646026611328
182,2016-06-29,23.887115478515625
183,2016-06-30,24.080686569213867
184,2016-07-01,24.06634521484375
185,2016-07-05,24.24198341369629
186,2016-07-06,24.20972442626953
187,2016-07-07,23.908626556396484
188,2016-07-08,24.322996139526367
189,2016-07-11,24.51082420349121
190,2016-07-12,24.561004638671875
191,2016-07-13,24.675701141357422
192,2016-07-14,24.538782119750977
193,2016-07-15,24.5029354095459
194,2016-07-18,24.51082420349121
195,2016-07-19,24.581077575683594
196,2016-07-20,24.54667091369629
197,2016-07-21,24.61836051940918
198,2016-07-22,24.80475425720215
199,2016-07-25,24.768903732299805
200,2016-07-26,24.629112243652344
201,2016-07-27,24.446304321289062
202,2016-07-28,24.596851348876953
203,2016-07-29,24.860673904418945
204,2016-08-01,24.940963745117188
205,2016-08-02,24.561004638671875
206,2016-08-03,24.374616622924805
207,2016-08-04,24.33159637451172
208,2016-08-05,24.33159637451172
209,2016-08-08,24.324426651000977
210,2016-08-09,24.489316940307617
211,2016-08-10,24.439136505126953
212,2016-08-11,24.20972442626953
213,2016-08-12,24.28858757019043
214,2016-08-15,24.259904861450195
215,2016-08-16,23.965972900390625
216,2016-08-17,24.06634521484375
217,2016-08-18,24.01616668701172
218,2016-08-19,23.829771041870117
219,2016-08-22,23.944467544555664
220,2016-08-23,23.930131912231445
221,2016-08-24,23.865617752075195
222,2016-08-25,23.965972900390625
223,2016-08-26,23.729400634765625
224,2016-08-29,23.965972900390625
225,2016-08-30,23.894290924072266
226,2016-08-31,23.930131912231445
227,2016-09-01,23.9229679107666
228,2016-09-02,24.080686569213867
229,2016-09-06,24.281417846679688
230,2016-09-07,24.40248680114746
231,2016-09-08,24.092592239379883
232,2016-09-09,23.177324295043945
233,2016-09-12,23.271013259887695
234,2016-09-13,22.86022186279297
235,2016-09-14,22.903461456298828
236,2016-09-15,23.07642364501953
237,2016-09-16,22.997150421142578
238,2016-09-19,23.234981536865234
239,2016-09-20,23.191734313964844
240,2016-09-21,23.458389282226562
241,2016-09-22,23.919633865356445
242,2016-09-23,24.013317108154297
243,2016-09-26,24.063764572143555
244,2016-09-27,23.854768753051758
245,2016-09-28,24.020532608032227
246,2016-09-29,23.725046157836914
247,2016-09-30,23.616941452026367
248,2016-10-03,23.162912368774414
249,2016-10-04,22.809772491455078
250,2016-10-05,22.384563446044922
251,2016-10-06,22.427804946899414
252,2016-10-07,22.370155334472656
253,2016-10-10,22.456634521484375
254,2016-10-11,22.283668518066406
255,2016-10-12,22.600772857666016
256,2016-10-13,22.672842025756836
257,2016-10-14,22.644012451171875
258,2016-10-17,22.665637969970703
259,2016-10-18,22.780941009521484
260,2016-10-19,22.867427825927734
261,2016-10-20,22.788148880004883
262,2016-10-21,22.773740768432617
263,2016-10-24,22.80256462097168
264,2016-10-25,22.773740768432617
265,2016-10-26,22.478256225585938
266,2016-10-27,21.9449462890625
267,2016-10-28,22.00260353088379
268,2016-10-31,22.30529022216797
269,2016-11-01,21.86566925048828
270,2016-11-02,21.52695083618164
271,2016-11-03,21.43326187133789
272,2016-11-04,21.577394485473633
273,2016-11-07,21.973772048950195
274,2016-11-08,22.110706329345703
275,2016-11-09,21.613428115844727
276,2016-11-10,21.289119720458984
277,2016-11-11,21.31074333190918
278,2016-11-14,21.72873878479004
279,2016-11-15,21.584598541259766
280,2016-11-16,21.570188522338867
281,2016-11-17,21.368396759033203
282,2016-11-18,21.411636352539062
283,2016-11-21,21.353979110717773
284,2016-11-22,21.721534729003906
285,2016-11-23,21.570188522338867
286,2016-11-25,21.66387367248535
287,2016-11-28,21.74315643310547
288,2016-11-29,21.894495010375977
289,2016-11-30,21.627845764160156
290,2016-12-01,21.296323776245117
291,2016-12-02,21.498119354248047
292,2016-12-05,21.67108917236328
293,2016-12-06,21.764772415161133
294,2016-12-07,22.218809127807617
295,2016-12-08,22.334117889404297
296,2016-12-09,22.319705963134766
297,2016-12-12,22.550321578979492
298,2016-12-13,22.607982635498047
299,2016-12-14,22.211599349975586
300,2016-12-15,22.031429290771484
301,2016-12-16,22.340408325195312
302,2016-12-19,22.538562774658203
303,2016-12-20,22.553247451782227
304,2016-12-21,22.26701545715332
305,2016-12-22,22.237659454345703
306,2016-12-23,22.25967025756836
307,2016-12-27,22.318389892578125
308,2016-12-28,22.14959716796875
309,2016-12-29,22.35508155822754
310,2016-12-30,22.567922592163086
311,2017-01-03,22.641313552856445
312,2017-01-04,22.927541732788086
313,2017-01-05,23.04496955871582
314,2017-01-06,23.04496955871582
315,2017-01-09,22.89818572998047
316,2017-01-10,22.611955642700195
317,2017-01-11,22.4871883392334
318,2017-01-12,22.575258255004883
319,2017-01-13,22.523889541625977
320,2017-01-17,22.707359313964844
321,2017-01-18,22.758739471435547
322,2017-01-19,22.538562774658203
323,2017-01-20,22.67801284790039
324,2017-01-23,22.81745147705078
325,2017-01-24,22.824792861938477
326,2017-01-25,22.685348510742188
327,2017-01-26,22.67066764831543
328,2017-01-27,22.47984504699707
329,2017-01-30,22.35508155822754
330,2017-01-31,22.538562774658203
331,2017-02-01,22.289030075073242
332,2017-02-02,22.553247451782227
333,2017-02-03,22.700023651123047
334,2017-02-06,22.560585021972656
335,2017-02-07,22.51654624938965
336,2017-02-08,22.707359313964844
337,2017-02-09,22.802778244018555
338,2017-02-10,22.95689582824707
339,2017-02-13,23.066980361938477
340,2017-02-14,22.949560165405273
341,2017-02-15,22.883502960205078
342,2017-02-16,22.978914260864258
343,2017-02-17,23.04496955871582
344,2017-02-21,23.36054801940918
345,2017-02-22,23.272478103637695
346,2017-02-23,23.42660140991211
347,2017-02-24,23.544029235839844
348,2017-02-27,23.66145896911621
349,2017-02-28,23.58806800842285
350,2017-03-01,23.529354095458984
351,2017-03-02,23.455957412719727
352,2017-03-03,23.382566452026367
353,2017-03-06,23.28716278076172
354,2017-03-07,23.2064266204834
355,2017-03-08,22.861486434936523
356,2017-03-09,22.567922592163086
357,2017-03-10,22.545900344848633
358,2017-03-13,22.575258255004883
359,2017-03-14,22.545900344848633
360,2017-03-15,22.978914260864258
361,2017-03-16,22.927541732788086
362,2017-03-17,22.97037696838379
363,2017-03-20,22.992536544799805
364,2017-03-21,22.955604553222656
365,2017-03-22,23.007305145263672
366,2017-03-23,23.177186965942383
367,2017-03-24,23.155033111572266
368,2017-03-27,22.97037696838379
369,2017-03-28,23.103328704833984
370,2017-03-29,23.184574127197266
371,2017-03-30,23.236270904541016
372,2017-03-31,23.339679718017578
373,2017-04-03,23.369220733642578
374,2017-04-04,23.30274200439453
375,2017-04-05,23.339679718017578
376,2017-04-06,23.472625732421875
377,2017-04-07,23.502166748046875
378,2017-04-10,23.664661407470703
379,2017-04-11,23.77545166015625
380,2017-04-12,23.738513946533203
381,2017-04-13,23.68681526184082
382,2017-04-17,23.96009635925293
383,2017-04-18,24.019187927246094
384,2017-04-19,23.967485427856445
385,2017-04-20,23.96009635925293
386,2017-04-21,23.878854751586914
387,2017-04-24,23.642501831054688
388,2017-04-25,23.694204330444336
389,2017-04-26,23.494779586791992
390,2017-04-27,23.509552001953125
391,2017-04-28,23.376604080200195
392,2017-05-01,23.524324417114258
393,2017-05-02,23.531715393066406
394,2017-05-03,23.2436580657959
395,2017-05-04,23.26581382751465
396,2017-05-05,23.45046615600586
397,2017-05-08,23.324901580810547
398,2017-05-09,23.236270904541016
399,2017-05-10,23.36183738708496
400,2017-05-11,23.251047134399414
401,2017-05-12,23.16241455078125
402,2017-05-15,23.26581382751465
403,2017-05-16,23.147642135620117
404,2017-05-17,23.29536247253418
405,2017-05-18,23.339679718017578
406,2017-05-19,23.472625732421875
407,2017-05-22,23.531715393066406
408,2017-05-23,23.561262130737305
409,2017-05-24,23.694204330444336
410,2017-05-25,23.782835006713867
411,2017-05-26,23.635114669799805
412,2017-05-30,23.568641662597656
413,2017-05-31,23.531715393066406
414,2017-06-01,23.605571746826172
415,2017-06-02,23.8123836517334
416,2017-06-05,23.753292083740234
417,2017-06-06,23.642501831054688
418,2017-06-07,23.768062591552734
419,2017-06-08,23.657272338867188
420,2017-06-09,23.768062591552734
421,2017-06-12,23.92317008972168
422,2017-06-13,23.982263565063477
423,2017-06-14,24.056119918823242
424,2017-06-15,24.17429542541504
425,2017-06-16,24.160884857177734
426,2017-06-19,24.175783157348633
427,2017-06-20,24.13109588623047
428,2017-06-21,24.078962326049805
429,2017-06-22,24.093854904174805
430,2017-06-23,24.19812774658203
431,2017-06-26,24.309837341308594
432,2017-06-27,24.2130184173584
433,2017-06-28,24.242813110351562
434,2017-06-29,23.997032165527344
435,2017-06-30,23.982139587402344
436,2017-07-03,24.205577850341797
437,2017-07-05,23.915111541748047
438,2017-07-06,23.483129501342773
439,2017-07-07,23.6171875
440,2017-07-10,23.430992126464844
441,2017-07-11,23.393756866455078
442,2017-07-12,23.69911766052246
443,2017-07-13,23.74380111694336
444,2017-07-14,23.982139587402344
445,2017-07-17,24.034271240234375
446,2017-07-18,24.004478454589844
447,2017-07-19,24.183237075805664
448,2017-07-20,24.116199493408203
449,2017-07-21,24.160884857177734
450,2017-07-24,24.14598846435547
451,2017-07-25,24.14598846435547
452,2017-07-26,24.347082138061523
453,2017-07-27,24.324737548828125
454,2017-07-28,24.309837341308594
455,2017-07-31,24.272602081298828
456,2017-08-01,24.376876831054688
457,2017-08-02,24.257713317871094
458,2017-08-03,24.19812774658203
459,2017-08-04,24.272602081298828
460,2017-08-07,24.257713317871094
461,2017-08-08,24.14598846435547
462,2017-08-09,24.175783157348633
463,2017-08-10,23.95979118347168
464,2017-08-11,23.803388595581055
465,2017-08-14,24.19812774658203
466,2017-08-15,24.15343475341797
467,2017-08-16,24.227914810180664
468,2017-08-17,24.056612014770508
469,2017-08-18,23.877866744995117
470,2017-08-21,24.12364959716797
471,2017-08-22,24.108753204345703
472,2017-08-23,24.35453224182129
473,2017-08-24,24.309837341308594
474,2017-08-25,24.429006576538086
475,2017-08-28,24.30239486694336
476,2017-08-29,24.287500381469727
477,2017-08-30,24.39921760559082
478,2017-08-31,24.518383026123047
479,2017-09-01,24.518383026123047
480,2017-09-05,24.49603843688965
481,2017-09-06,24.533283233642578
482,2017-09-07,24.719472885131836
483,2017-09-08,24.7269287109375
484,2017-09-11,24.905668258666992
485,2017-09-12,24.63755226135254
486,2017-09-13,24.533283233642578
487,2017-09-14,24.704580307006836
488,2017-09-15,24.791593551635742
489,2017-09-18,24.649076461791992
490,2017-09-19,24.40152931213379
491,2017-09-20,24.33401870727539
492,2017-09-21,24.296512603759766
493,2017-09-22,24.08647918701172
494,2017-09-25,24.176496505737305
495,2017-09-26,24.198997497558594
496,2017-09-27,23.996461868286133
497,2017-09-28,24.16899299621582
498,2017-09-29,24.183998107910156
499,2017-10-02,24.093971252441406
500,2017-10-03,24.08647918701172
501,2017-10-04,24.296512603759766
502,2017-10-05,24.37152671813965
503,2017-10-06,24.304012298583984
504,2017-10-09,24.356523513793945
505,2017-10-10,24.394031524658203
506,2017-10-11,24.529048919677734
507,2017-10-12,24.70157814025879
508,2017-10-13,24.769092559814453
509,2017-10-16,24.649076461791992
510,2017-10-17,24.649076461791992
511,2017-10-18,24.604063034057617
512,2017-10-19,24.589061737060547
513,2017-10-20,24.551557540893555
514,2017-10-23,24.461544036865234
515,2017-10-24,24.304012298583984
516,2017-10-25,24.244001388549805
517,2017-10-26,24.108983993530273
518,2017-10-27,24.146488189697266
519,2017-10-30,24.296512603759766
520,2017-10-31,24.379030227661133
521,2017-11-01,24.356523513793945
522,2017-11-02,24.566558837890625
523,2017-11-03,24.566558837890625
524,2017-11-06,24.94162368774414
525,2017-11-07,25.174158096313477
526,2017-11-08,25.3616886138916
527,2017-11-09,25.3616886138916
528,2017-11-10,25.3616886138916
529,2017-11-13,25.43670082092285
530,2017-11-14,25.41419792175293
531,2017-11-15,25.226673126220703
532,2017-11-16,25.324176788330078
533,2017-11-17,25.174158096313477
534,2017-11-20,25.114145278930664
535,2017-11-21,25.249170303344727
536,2017-11-22,25.166658401489258
537,2017-11-24,25.256677627563477
538,2017-11-27,25.181659698486328
539,2017-11-28,25.121652603149414
540,2017-11-29,25.06163787841797
541,2017-11-30,25.091650009155273
542,2017-12-01,25.136653900146484
543,2017-12-04,24.80660057067871
544,2017-12-05,24.709083557128906
545,2017-12-06,24.746593475341797
546,2017-12-07,24.844104766845703
547,2017-12-08,24.904115676879883
548,2017-12-11,24.964128494262695
549,2017-12-12,25.07663917541504
550,2017-12-13,25.069137573242188
551,2017-12-14,25.091650009155273
552,2017-12-15,25.171279907226562
553,2017-12-18,25.25469970703125
554,2017-12-19,24.776906967163086
555,2017-12-20,24.511472702026367
556,2017-12-21,24.42804527282715
557,2017-12-22,24.58730125427246
558,2017-12-26,24.71623420715332
559,2017-12-27,24.814834594726562
560,2017-12-28,24.95893096923828
561,2017-12-29,24.981679916381836
562,2018-01-02,24.83758544921875
563,2018-01-03,24.845165252685547
564,2018-01-04,24.42046356201172
565,2018-01-05,24.473546981811523
566,2018-01-08,24.640398025512695
567,2018-01-09,24.35978126525879
568,2018-01-10,23.980592727661133
569,2018-01-11,23.828908920288086
570,2018-01-12,23.65447998046875
571,2018-01-16,23.768239974975586
572,2018-01-17,23.904748916625977
573,2018-01-18,23.677228927612305
574,2018-01-19,23.844083786010742
575,2018-01-22,24.071596145629883
576,2018-01-23,24.443214416503906
577,2018-01-24,24.37495994567871
578,2018-01-25,24.32187271118164
579,2018-01-26,24.390125274658203
580,2018-01-29,24.109516143798828
581,2018-01-30,24.010927200317383
582,2018-01-31,24.503887176513672
583,2018-02-01,24.056428909301758
584,2018-02-02,23.783409118652344
585,2018-02-05,23.169103622436523
586,2018-02-06,23.123598098754883
587,2018-02-07,23.017419815063477
588,2018-02-08,22.29694175720215
589,2018-02-09,22.820236206054688
590,2018-02-12,22.880908966064453
591,2018-02-13,23.047761917114258
592,2018-02-14,22.903663635253906
593,2018-02-15,23.116016387939453
594,2018-02-16,23.2676944732666
595,2018-02-20,23.032594680786133
596,2018-02-21,22.607887268066406
597,2018-02-22,22.865739822387695
598,2018-02-23,23.282859802246094
599,2018-02-26,23.366289138793945
600,2018-02-27,22.865739822387695
601,2018-02-28,22.835405349731445
602,2018-03-01,22.72164535522461
603,2018-03-02,22.64580726623535
604,2018-03-05,22.96433448791504
605,2018-03-06,23.055341720581055
606,2018-03-07,23.1539363861084
607,2018-03-08,23.335952758789062
608,2018-03-09,23.48763084411621
609,2018-03-12,23.601388931274414
610,2018-03-13,23.677228927612305
611,2018-03-14,23.722734451293945
612,2018-03-15,23.722734451293945
613,2018-03-16,23.84708023071289
614,2018-03-19,23.610595703125
615,2018-03-20,23.602964401245117
616,2018-03-21,23.38936424255371
617,2018-03-22,23.30545425415039
618,2018-03-23,22.93927574157715
619,2018-03-26,23.25204849243164
620,2018-03-27,23.290191650390625
621,2018-03-28,23.71739387512207
622,2018-03-29,23.709766387939453
623,2018-04-02,23.419878005981445
624,2018-04-03,23.5037899017334
625,2018-04-04,23.77842140197754
626,2018-04-05,23.801311492919922
627,2018-04-06,23.55719566345215
628,2018-04-09,23.54956817626953
629,2018-04-10,23.38936424255371
630,2018-04-11,23.45039176940918
631,2018-04-12,23.175762176513672
632,2018-04-13,23.297822952270508
633,2018-04-16,23.404621124267578
634,2018-04-17,23.71739387512207
635,2018-04-18,23.656368255615234
636,2018-04-19,23.25967788696289
637,2018-04-20,23.05370330810547
638,2018-04-23,23.099472045898438
639,2018-04-24,23.122364044189453
640,2018-04-25,23.046070098876953
641,2018-04-26,23.343589782714844
642,2018-04-27,23.656368255615234
643,2018-04-30,23.564823150634766
644,2018-05-01,23.73265266418457
645,2018-05-02,23.625850677490234
646,2018-05-03,23.618221282958984
647,2018-05-04,23.885225296020508
648,2018-05-07,23.930992126464844
649,2018-05-08,23.763166427612305
650,2018-05-09,23.946247100830078
651,2018-05-10,24.1674861907959
652,2018-05-11,24.053054809570312
653,2018-05-14,23.885225296020508
654,2018-05-15,23.48090934753418
655,2018-05-16,23.419878005981445
656,2018-05-17,23.297822952270508
657,2018-05-18,23.313077926635742
658,2018-05-21,23.54956817626953
659,2018-05-22,23.580076217651367
660,2018-05-23,23.770795822143555
661,2018-05-24,23.67925262451172
662,2018-05-25,23.79368019104004
663,2018-05-29,23.85470962524414
664,2018-05-30,24.1674861907959
665,2018-05-31,24.091196060180664
666,2018-06-01,24.19036865234375
667,2018-06-04,24.42685890197754
668,2018-06-05,24.304798126220703
669,2018-06-06,24.373455047607422
670,2018-06-07,24.373455047607422
671,2018-06-08,24.45737075805664
672,2018-06-11,24.449743270874023
673,2018-06-12,24.587055206298828
674,2018-06-13,24.037796020507812
675,2018-06-14,24.266658782958984
676,2018-06-15,24.2274169921875
677,2018-06-18,24.20433807373047
678,2018-06-19,24.2351131439209
679,2018-06-20,24.4966983795166
680,2018-06-21,24.64287567138672
681,2018-06-22,24.858299255371094
682,2018-06-25,24.796751022338867
683,2018-06-26,24.927549362182617
684,2018-06-27,24.858299255371094
685,2018-06-28,25.10449981689453
686,2018-06-29,25.166048049926758
687,2018-07-02,25.019866943359375
688,2018-07-03,25.166048049926758
689,2018-07-05,25.49687385559082
690,2018-07-06,25.604589462280273
691,2018-07-09,25.3660831451416
692,2018-07-10,25.48918342590332
693,2018-07-11,25.412242889404297
694,2018-07-12,25.473793029785156
695,2018-07-13,25.389162063598633
696,2018-07-16,25.25068473815918
697,2018-07-17,25.081417083740234
698,2018-07-18,24.98908805847168
699,2018-07-19,25.227598190307617
700,2018-07-20,25.004486083984375
701,2018-07-23,24.935237884521484
702,2018-07-24,24.865995407104492
703,2018-07-25,25.11219024658203
704,2018-07-26,25.196819305419922
705,2018-07-27,24.966007232666016
706,2018-07-30,24.942930221557617
707,2018-07-31,25.427631378173828
708,2018-08-01,25.596893310546875
709,2018-08-02,25.473793029785156
710,2018-08-03,25.804622650146484
711,2018-08-06,25.75076675415039
712,2018-08-07,25.696908950805664
713,2018-08-08,25.53534698486328
714,2018-08-09,25.58150863647461
715,2018-08-10,25.335309982299805
716,2018-08-13,25.327611923217773
717,2018-08-14,25.427631378173828
718,2018-08-15,25.650753021240234
719,2018-08-16,25.850780487060547
720,2018-08-17,26.096982955932617
721,2018-08-20,26.127756118774414
722,2018-08-21,25.889257431030273
723,2018-08-22,25.72768211364746
724,2018-08-23,25.666135787963867
725,2018-08-24,25.843090057373047
726,2018-08-27,25.804622650146484
727,2018-08-28,26.12006378173828
728,2018-08-29,26.081594467163086
729,2018-08-30,25.943111419677734
730,2018-08-31,26.043134689331055
731,2018-09-04,25.812320709228516
732,2018-09-05,25.9738826751709
733,2018-09-06,26.058515548706055
734,2018-09-07,25.72768211364746
735,2018-09-10,25.866174697875977
736,2018-09-11,25.873865127563477
737,2018-09-12,25.896949768066406
738,2018-09-13,26.058515548706055
739,2018-09-14,25.83540153503418
740,2018-09-17,25.98157501220703
741,2018-09-18,25.827699661254883
742,2018-09-19,25.58150863647461
743,2018-09-20,25.773847579956055
744,2018-09-21,25.773849487304688
745,2018-09-24,25.268482208251953
746,2018-09-25,25.245155334472656
747,2018-09-26,24.96526336669922
748,2018-09-27,25.043004989624023
749,2018-09-28,25.35400390625
750,2018-10-01,25.15963363647461
751,2018-10-02,25.081878662109375
752,2018-10-03,24.794204711914062
753,2018-10-04,24.677583694458008
754,2018-10-05,24.68535804748535
755,2018-10-08,25.004127502441406
756,2018-10-09,25.08965492248535
757,2018-10-10,24.69313621520996
758,2018-10-11,23.97006607055664
759,2018-10-12,23.954519271850586
760,2018-10-15,24.102237701416016
761,2018-10-16,24.55318832397461
762,2018-10-17,24.483211517333984
763,2018-10-18,24.490989685058594
764,2018-10-19,24.739782333374023
765,2018-10-22,24.38991355895996
766,2018-10-23,24.545412063598633
767,2018-10-24,24.83308219909668
768,2018-10-25,25.128528594970703
769,2018-10-26,24.475435256958008
770,2018-10-29,24.87973403930664
771,2018-10-30,25.29180145263672
772,2018-10-31,24.94970703125
773,2018-11-01,25.043004989624023
774,2018-11-02,24.83308219909668
775,2018-11-05,25.245155334472656
776,2018-11-06,25.385103225708008
777,2018-11-07,25.665002822875977
778,2018-11-08,25.719425201416016
779,2018-11-09,25.750524520874023
780,2018-11-12,25.804946899414062
781,2018-11-13,25.8593692779541
782,2018-11-14,25.851600646972656
783,2018-11-15,25.64944839477539
784,2018-11-16,26.01487159729004
785,2018-11-19,26.084848403930664
786,2018-11-20,25.742746353149414
787,2018-11-21,25.72720718383789
788,2018-11-23,25.633901596069336
789,2018-11-26,25.68832778930664
790,2018-11-27,25.828275680541992
791,2018-11-28,26.03820037841797
792,2018-11-29,26.06928825378418
793,2018-11-30,26.318096160888672
794,2018-12-03,26.442481994628906
795,2018-12-04,26.092618942260742
796,2018-12-06,26.807905197143555
797,2018-12-07,26.403614044189453
798,2018-12-10,26.30254364013672
799,2018-12-11,26.34918785095215
800,2018-12-12,25.851600646972656
801,2018-12-13,26.030414581298828
802,2018-12-14,25.9837703704834
803,2018-12-17,25.011903762817383
804,2018-12-18,25.26070785522461
805,2018-12-19,25.027456283569336
806,2018-12-20,24.72423553466797
807,2018-12-21,24.345874786376953
808,2018-12-24,23.449125289916992
809,2018-12-26,24.196413040161133
810,2018-12-27,24.251476287841797
811,2018-12-28,24.33800506591797
812,2018-12-31,24.385202407836914
813,2019-01-02,23.826696395874023
814,2019-01-03,23.936830520629883
815,2019-01-04,24.180683135986328
816,2019-01-07,24.385202407836914
817,2019-01-08,24.809978485107422
818,2019-01-09,24.707712173461914
819,2019-01-10,25.101022720336914
820,2019-01-11,25.148223876953125
821,2019-01-14,25.06955909729004
822,2019-01-15,25.352741241455078
823,2019-01-16,25.470741271972656
824,2019-01-17,25.596595764160156
825,2019-01-18,25.690988540649414
826,2019-01-22,25.643789291381836
827,2019-01-23,25.659528732299805
828,2019-01-24,25.76178550720215
829,2019-01-25,26.060707092285156
830,2019-01-28,26.320283889770508
831,2019-01-29,26.524803161621094
832,2019-01-30,26.745067596435547
833,2019-01-31,27.00464630126953
834,2019-02-01,26.839452743530273
835,2019-02-04,26.99677848815918
836,2019-02-05,27.17770004272461
837,2019-02-06,26.965320587158203
838,2019-02-07,27.193437576293945
839,2019-02-08,27.193437576293945
840,2019-02-11,27.272092819213867
841,2019-02-12,27.083309173583984
842,2019-02-13,27.26422882080078
843,2019-02-14,27.366491317749023
844,2019-02-15,27.531686782836914
845,2019-02-19,27.56313705444336
846,2019-02-20,27.390085220336914
847,2019-02-21,27.437288284301758
848,2019-02-22,27.59461212158203
849,2019-02-25,27.366491317749023
850,2019-02-26,27.311429977416992
851,2019-02-27,27.22490119934082
852,2019-02-28,27.303556442260742
853,2019-03-01,27.272092819213867
854,2019-03-04,27.38222885131836
855,2019-03-05,27.460878372192383
856,2019-03-06,27.390085220336914
857,2019-03-07,27.366491317749023
858,2019-03-08,27.390085220336914
859,2019-03-11,27.814865112304688
860,2019-03-12,27.964317321777344
861,2019-03-13,28.098045349121094
862,2019-03-14,28.16884422302246
863,2019-03-15,28.053340911865234
864,2019-03-18,27.91092872619629
865,2019-03-19,27.831815719604492
866,2019-03-20,27.958398818969727
867,2019-03-21,28.456809997558594
868,2019-03-22,28.32232093811035
869,2019-03-25,28.34605598449707
870,2019-03-26,28.520105361938477
871,2019-03-27,28.425167083740234
872,2019-03-28,28.662498474121094
873,2019-03-29,28.65459632873535
874,2019-04-01,28.567567825317383
875,2019-04-02,28.812816619873047
876,2019-04-03,28.781171798706055
877,2019-04-04,28.694150924682617
878,2019-04-05,28.915651321411133
879,2019-04-08,28.773258209228516
880,2019-04-09,28.68623924255371
881,2019-04-10,28.915651321411133
882,2019-04-11,28.876102447509766
883,2019-04-12,29.034326553344727
884,2019-04-15,28.86028480529785
885,2019-04-16,28.179916381835938
886,2019-04-17,27.887205123901367
887,2019-04-18,28.108718872070312
888,2019-04-22,27.8001766204834
889,2019-04-23,28.116626739501953
890,2019-04-24,28.314409255981445
891,2019-04-25,28.28276824951172
892,2019-04-26,28.472639083862305
893,2019-04-29,28.179916381835938
894,2019-04-30,28.504274368286133
895,2019-05-01,28.504274368286133
896,2019-05-02,28.55965805053711
897,2019-05-03,28.7574405670166
898,2019-05-06,28.638771057128906
899,2019-05-07,28.148277282714844
900,2019-05-08,28.148277282714844
901,2019-05-09,28.243202209472656
902,2019-05-10,28.567567825317383
903,2019-05-13,28.567567825317383
904,2019-05-14,28.67041778564453
905,2019-05-15,28.86028480529785
906,2019-05-16,29.02642250061035
907,2019-05-17,28.98687171936035
908,2019-05-20,28.520105361938477
909,2019-05-21,28.7574405670166
910,2019-05-22,28.891923904418945
911,2019-05-23,29.034326553344727
912,2019-05-24,29.07389259338379
913,2019-05-28,28.773258209228516
914,2019-05-29,28.440988540649414
915,2019-05-30,28.615026473999023
916,2019-05-31,28.85237693786621
917,2019-06-03,28.963132858276367
918,2019-06-04,28.804903030395508
919,2019-06-05,29.46154022216797
920,2019-06-06,29.516916275024414
921,2019-06-07,29.61185073852539
922,2019-06-10,29.509008407592773
923,2019-06-11,29.56439208984375
924,2019-06-12,29.675146102905273
925,2019-06-13,29.71470069885254
926,2019-06-14,29.84129524230957
927,2019-06-17,30.165637969970703
928,2019-06-18,30.0786190032959
929,2019-06-19,30.276395797729492
930,2019-06-20,30.458358764648438
931,2019-06-21,30.117874145507812
932,2019-06-24,29.966365814208984
933,2019-06-25,29.5596923828125
934,2019-06-26,28.985557556152344
935,2019-06-27,29.224775314331055
936,2019-06-28,29.320466995239258
937,2019-07-01,29.264650344848633
938,2019-07-02,29.806882858276367
939,2019-07-03,30.23747444152832
940,2019-07-05,30.070024490356445
941,2019-07-08,30.181663513183594
942,2019-07-09,30.341144561767578
943,2019-07-10,30.50859260559082
944,2019-07-11,30.117874145507812
945,2019-07-12,29.99826431274414
946,2019-07-15,30.03813934326172
947,2019-07-16,29.990285873413086
948,2019-07-17,29.838775634765625
949,2019-07-18,29.830806732177734
950,2019-07-19,29.344392776489258
951,2019-07-22,29.312498092651367
952,2019-07-23,29.599557876586914
953,2019-07-24,29.575637817382812
954,2019-07-25,29.44805335998535
955,2019-07-26,29.543737411499023
956,2019-07-29,29.65537452697754
957,2019-07-30,29.950408935546875
958,2019-07-31,29.830806732177734
959,2019-08-01,29.90256690979004
960,2019-08-02,30.133811950683594
961,2019-08-05,29.5596923828125
962,2019-08-06,29.926498413085938
963,2019-08-07,30.205585479736328
964,2019-08-08,30.684024810791016
965,2019-08-09,30.67604637145996
966,2019-08-12,30.65212059020996
967,2019-08-13,30.66807746887207
968,2019-08-14,30.18962860107422
969,2019-08-15,30.612258911132812
970,2019-08-16,30.827550888061523
971,2019-08-19,31.106653213500977
972,2019-08-20,30.875396728515625
973,2019-08-21,31.00297737121582
974,2019-08-22,31.15449333190918
975,2019-08-23,30.763763427734375
976,2019-08-26,31.05082893371582
977,2019-08-27,30.94717025756836
978,2019-08-28,31.034881591796875
979,2019-08-29,31.258159637451172
980,2019-08-30,31.266130447387695
981,2019-09-03,31.712671279907227
982,2019-09-04,31.97580909729004
983,2019-09-05,31.696727752685547
984,2019-09-06,31.736595153808594
985,2019-09-09,31.49736785888672
986,2019-09-10,31.034881591796875
987,2019-09-11,30.963117599487305
988,2019-09-12,31.14651870727539
989,2019-09-13,30.77174186706543
990,2019-09-16,31.0906982421875
991,2019-09-17,31.529281616210938
992,2019-09-18,31.433576583862305
993,2019-09-19,31.53724479675293
994,2019-09-20,31.40319061279297
995,2019-09-23,31.51556968688965
996,2019-09-24,31.475439071655273
997,2019-09-25,31.443328857421875
998,2019-09-26,31.748369216918945
999,2019-09-27,31.53965187072754
1000,2019-09-30,31.579782485961914
1001,2019-10-01,31.30685806274414
1002,2019-10-02,31.114200592041016
1003,2019-10-03,31.48346710205078
1004,2019-10-04,31.627948760986328
1005,2019-10-07,31.571767807006836
1006,2019-10-08,31.419239044189453
1007,2019-10-09,31.51556968688965
1008,2019-10-10,31.59583282470703
1009,2019-10-11,31.491487503051758
1010,2019-10-14,31.53965187072754
1011,2019-10-15,31.563735961914062
1012,2019-10-16,31.523605346679688
1013,2019-10-17,31.73231315612793
1014,2019-10-18,32.03734588623047
1015,2019-10-21,32.25410079956055
1016,2019-10-22,32.15776062011719
1017,2019-10-23,32.21394729614258
1018,2019-10-24,32.093544006347656
1019,2019-10-25,31.700199127197266
1020,2019-10-28,31.363054275512695
1021,2019-10-29,31.443328857421875
1022,2019-10-30,31.676122665405273
1023,2019-10-31,31.571767807006836
1024,2019-11-01,31.491487503051758
1025,2019-11-04,31.138277053833008
1026,2019-11-05,30.600448608398438
1027,2019-11-06,30.71282196044922
1028,2019-11-07,30.38371467590332
1029,2019-11-08,30.3275146484375
1030,2019-11-11,30.38371467590332
1031,2019-11-12,30.183015823364258
1032,2019-11-13,30.488061904907227
1033,2019-11-14,30.793100357055664
1034,2019-11-15,30.945627212524414
1035,2019-11-18,31.114200592041016
1036,2019-11-19,31.17841911315918
1037,2019-11-20,31.194473266601562
1038,2019-11-21,30.777050018310547
1039,2019-11-22,30.600448608398438
1040,2019-11-25,30.624536514282227
1041,2019-11-26,31.049970626831055
1042,2019-11-27,31.14630889892578
1043,2019-11-29,31.025896072387695
1044,2019-12-02,30.455951690673828
1045,2019-12-03,30.704803466796875
1046,2019-12-04,30.86534881591797
1047,2019-12-05,30.913511276245117
1048,2019-12-06,30.921546936035156
1049,2019-12-09,30.961679458618164
1050,2019-12-10,30.74493408203125
1051,2019-12-11,30.512144088745117
1052,2019-12-12,30.142885208129883
1053,2019-12-13,30.174991607666016
1054,2019-12-16,30.407785415649414
1055,2019-12-17,30.07866668701172
1056,2019-12-18,30.50411605834961
1057,2019-12-19,30.793100357055664
1058,2019-12-20,31.030874252319336
1059,2019-12-23,30.844226837158203
1060,2019-12-24,30.884803771972656
1061,2019-12-26,31.071449279785156
1062,2019-12-27,31.185039520263672
1063,2019-12-30,31.160703659057617
1064,2019-12-31,31.379798889160156
1065,2020-01-02,31.01463508605957
1066,2020-01-03,31.24186134338379
1067,2020-01-06,31.249961853027344
1068,2020-01-07,30.909143447875977
1069,2020-01-08,31.06331443786621
1070,2020-01-09,31.055208206176758
1071,2020-01-10,31.35546112060547
1072,2020-01-13,31.73685646057129
1073,2020-01-14,31.582672119140625
1074,2020-01-15,31.801759719848633
1075,2020-01-16,32.085792541503906
1076,2020-01-17,32.12635803222656
1077,2020-01-21,32.45096969604492
1078,2020-01-22,32.191280364990234
1079,2020-01-23,32.49964141845703
1080,2020-01-24,32.45096969604492
1081,2020-01-27,32.312992095947266
1082,2020-01-28,32.39414596557617
1083,2020-01-29,32.22373962402344
1084,2020-01-30,32.29676818847656
1085,2020-01-31,31.834228515625
1086,2020-02-03,31.866697311401367
1087,2020-02-04,32.28054428100586
1088,2020-02-05,32.256195068359375
1089,2020-02-06,32.39414596557617
1090,2020-02-07,32.410377502441406
1091,2020-02-10,32.783653259277344
1092,2020-02-11,33.181270599365234
1093,2020-02-12,33.39227294921875
1094,2020-02-13,33.59513473510742
1095,2020-02-14,33.984642028808594
1096,2020-02-18,33.95218276977539
1097,2020-02-19,33.473411560058594
1098,2020-02-20,33.8466911315918
1099,2020-02-21,34.02521514892578
1100,2020-02-24,33.5707893371582
1101,2020-02-25,32.72684860229492
1102,2020-02-26,32.44283676147461
1103,2020-02-27,30.608909606933594
1104,2020-02-28,29.854228973388672
1105,2020-03-02,31.339223861694336
1106,2020-03-03,31.314882278442383
1107,2020-03-04,32.53211212158203
1108,2020-03-05,31.785545349121094
1109,2020-03-06,31.24186134338379
1110,2020-03-09,29.03463363647461
1111,2020-03-10,30.446603775024414
1112,2020-03-11,28.815540313720703
1113,2020-03-12,26.340530395507812
1114,2020-03-13,28.653244018554688
1115,2020-03-16,24.068401336669922
1116,2020-03-17,25.529056549072266
1117,2020-03-18,23.735689163208008
1118,2020-03-19,23.36241340637207
1119,2020-03-20,22.039705276489258
1120,2020-03-23,20.814998626708984
1121,2020-03-24,22.629981994628906
1122,2020-03-25,23.63558006286621
1123,2020-03-26,25.450551986694336
1124,2020-03-27,25.51595687866211
1125,2020-03-30,26.178180694580078
1126,2020-03-31,25.34427261352539
1127,2020-04-01,23.807262420654297
1128,2020-04-02,24.158815383911133
1129,2020-04-03,23.954421997070312
1130,2020-04-06,25.68764305114746
1131,2020-04-07,25.69582176208496
1132,2020-04-08,27.62525749206543
1133,2020-04-09,29.047805786132812
1134,2020-04-13,27.71518325805664
1135,2020-04-14,28.63902473449707
1136,2020-04-15,27.535327911376953
1137,2020-04-16,27.355459213256836
1138,2020-04-17,28.238431930541992
1139,2020-04-20,27.19194984436035
1140,2020-04-21,26.791345596313477
1141,2020-04-22,27.257356643676758
1142,2020-04-23,26.94668197631836
1143,2020-04-24,27.0447940826416
1144,2020-04-27,27.82964324951172
1145,2020-04-28,27.854167938232422
1146,2020-04-29,27.927753448486328
1147,2020-04-30,27.731538772583008
1148,2020-05-01,26.881275177001953
1149,2020-05-04,26.864931106567383
1150,2020-05-05,27.036619186401367
1151,2020-05-06,26.53790283203125
1152,2020-05-07,26.774993896484375
1153,2020-05-08,27.265531539916992
1154,2020-05-11,26.938514709472656
1155,2020-05-12,25.793928146362305
1156,2020-05-13,25.38515281677246
1157,2020-05-14,25.417856216430664
1158,2020-05-15,25.32792091369629
1159,2020-05-18,26.56243324279785
1160,2020-05-19,26.0473690032959
1161,2020-05-20,26.292638778686523
1162,2020-05-21,26.161827087402344
1163,2020-05-22,26.73412322998047
1164,2020-05-26,27.584381103515625
1165,2020-05-27,28.17301368713379
1166,2020-05-28,28.49186897277832
1167,2020-05-29,28.32836151123047
1168,2020-06-01,28.892473220825195
1169,2020-06-02,29.08051109313965
1170,2020-06-03,29.775432586669922
1171,2020-06-04,29.219493865966797
1172,2020-06-05,30.290498733520508
1173,2020-06-08,30.952716827392578
1174,2020-06-09,30.592988967895508
1175,2020-06-10,30.020694732666016
1176,2020-06-11,28.16484832763672
1177,2020-06-12,29.05597686767578
1178,2020-06-15,29.423879623413086
1179,2020-06-16,29.9144229888916
1180,2020-06-17,29.562868118286133
1181,2020-06-18,29.194969177246094
1182,2020-06-19,28.90064811706543
1183,2020-06-22,28.818254470825195
1184,2020-06-23,28.711164474487305
1185,2020-06-24,27.977935791015625
1186,2020-06-25,28.274520874023438
1187,2020-06-26,27.788448333740234
1188,2020-06-29,28.266286849975586
1189,2020-06-30,28.678213119506836
1190,2020-07-01,29.460859298706055
1191,2020-07-02,29.36199951171875
1192,2020-07-06,29.394954681396484
1193,2020-07-07,28.917123794555664
1194,2020-07-08,28.90064811706543
1195,2020-07-09,28.80178451538086
1196,2020-07-10,28.83473777770996
1197,2020-07-13,28.38161849975586
1198,2020-07-14,28.661727905273438
1199,2020-07-15,28.79354476928711
1200,2020-07-16,28.455772399902344
1201,2020-07-17,28.851215362548828
1202,2020-07-20,28.5793399810791
1203,2020-07-21,28.58757781982422
1204,2020-07-22,28.933597564697266
1205,2020-07-23,28.78530502319336
1206,2020-07-24,28.66996955871582
1207,2020-07-27,29.007747650146484
1208,2020-07-28,29.59267234802246
1209,2020-07-29,30.15289306640625
1210,2020-07-30,29.905738830566406
1211,2020-07-31,29.87278938293457
1212,2020-08-03,29.394954681396484
1213,2020-08-04,29.83159828186035
1214,2020-08-05,29.609159469604492
1215,2020-08-06,29.666824340820312
1216,2020-08-07,30.070514678955078
1217,2020-08-10,30.02107810974121
1218,2020-08-11,29.44438362121582
1219,2020-08-12,29.815122604370117
1220,2020-08-13,29.469104766845703
1221,2020-08-14,29.543254852294922
1222,2020-08-17,29.806886672973633
1223,2020-08-18,29.773927688598633
1224,2020-08-19,29.164274215698242
1225,2020-08-20,29.477336883544922
1226,2020-08-21,29.57620620727539
1227,2020-08-24,29.61739158630371
1228,2020-08-25,29.70802116394043
1229,2020-08-26,29.50206184387207
1230,2020-08-27,29.89750099182129
1231,2020-08-28,30.12818145751953
1232,2020-08-31,29.864551544189453
1233,2020-09-01,29.815122604370117
1234,2020-09-02,30.482437133789062
1235,2020-09-03,29.971651077270508
1236,2020-09-04,29.864551544189453
1237,2020-09-08,29.485572814941406
1238,2020-09-09,29.806886672973633
1239,2020-09-10,29.3867130279541
1240,2020-09-11,29.287857055664062
1241,2020-09-14,30.00460433959961
1242,2020-09-15,30.400056838989258
1243,2020-09-16,30.597787857055664
1244,2020-09-17,29.922212600708008
1245,2020-09-18,29.32904815673828
1246,2020-09-21,28.54416847229004
1247,2020-09-22,28.88397979736328
1248,2020-09-23,28.05516815185547
1249,2020-09-24,28.187776565551758
1250,2020-09-25,28.734792709350586
1251,2020-09-28,29.23207664489746
1252,2020-09-29,29.082895278930664
1253,2020-09-30,29.23207664489746
1254,2020-10-01,29.712785720825195
1255,2020-10-02,30.193498611450195
1256,2020-10-05,30.3592586517334
1257,2020-10-06,30.10231590270996
1258,2020-10-07,30.18520164489746
1259,2020-10-08,30.69078254699707
1260,2020-10-09,30.60790252685547
1261,2020-10-12,30.765378952026367
1262,2020-10-13,30.243228912353516
1263,2020-10-14,29.89512825012207
1264,2020-10-15,30.036022186279297
1265,2020-10-16,29.928281784057617
1266,2020-10-19,29.45585823059082
1267,2020-10-20,29.65477180480957
1268,2020-10-21,29.547025680541992
1269,2020-10-22,29.33982276916504
1270,2020-10-23,29.53044891357422
1271,2020-10-26,29.17406463623047
1272,2020-10-27,28.801101684570312
1273,2020-10-28,28.162912368774414
1274,2020-10-29,28.486146926879883
1275,2020-10-30,28.303815841674805
1276,2020-11-02,29.000009536743164
1277,2020-11-03,29.45585823059082
1278,2020-11-04,29.538738250732422
1279,2020-11-05,29.646480560302734
1280,2020-11-06,29.53044891357422
1281,2020-11-09,30.309528350830078
1282,2020-11-10,30.47528648376465
1283,2020-11-11,30.70735740661621
1284,2020-11-12,30.392398834228516
1285,2020-11-13,31.08860969543457
1286,2020-11-16,31.287521362304688
1287,2020-11-17,31.304101943969727
1288,2020-11-18,30.773666381835938
1289,2020-11-19,30.823387145996094
1290,2020-11-20,30.616178512573242
1291,2020-11-23,30.51673126220703
1292,2020-11-24,30.500152587890625
1293,2020-11-25,30.574743270874023
1294,2020-11-27,30.51673126220703
1295,2020-11-30,30.25152015686035
1296,2020-12-01,30.632768630981445
1297,2020-12-02,30.309528350830078
1298,2020-12-03,30.533313751220703
1299,2020-12-04,30.939420700073242
1300,2020-12-07,30.632768630981445
1301,2020-12-08,30.491863250732422
1302,2020-12-09,30.210071563720703
1303,2020-12-10,30.044315338134766
1304,2020-12-11,30.060882568359375
1305,2020-12-14,29.845394134521484
1306,2020-12-15,30.36754608154297
1307,2020-12-16,30.375837326049805
1308,2020-12-17,30.732223510742188
1309,2020-12-18,30.2017822265625
1310,2020-12-21,29.92977523803711
1311,2020-12-22,30.1396541595459
1312,2020-12-23,29.854217529296875
1313,2020-12-24,30.148042678833008
1314,2020-12-28,30.39151954650879
1315,2020-12-29,30.15644073486328
1316,2020-12-30,30.324352264404297
1317,2020-12-31,30.693758010864258
1318,2021-01-04,29.70309066772461
1319,2021-01-05,29.669509887695312
1320,2021-01-06,29.526790618896484
1321,2021-01-07,29.619140625
1322,2021-01-08,29.938175201416016
1323,2021-01-11,29.4344425201416
1324,2021-01-12,29.459632873535156
1325,2021-01-13,29.862607955932617
1326,2021-01-14,30.047306060791016
1327,2021-01-15,30.509061813354492
1328,2021-01-19,30.307565689086914
1329,2021-01-20,30.937211990356445
1330,2021-01-21,30.836469650268555
1331,2021-01-22,30.912029266357422
1332,2021-01-25,31.189088821411133
1333,2021-01-26,31.508115768432617
1334,2021-01-27,31.10512924194336
1335,2021-01-28,31.189088821411133
1336,2021-01-29,30.861663818359375
1337,2021-02-01,31.558494567871094
1338,2021-02-02,31.692819595336914
1339,2021-02-03,31.5668888092041
1340,2021-02-04,31.743188858032227
1341,2021-02-05,31.85232925415039
1342,2021-02-08,31.919492721557617
1343,2021-02-09,32.06221389770508
1344,2021-02-10,32.28050231933594
1345,2021-02-11,32.22173309326172
1346,2021-02-12,32.21332550048828
1347,2021-02-16,31.869112014770508
1348,2021-02-17,31.894304275512695
1349,2021-02-18,31.877517700195312
1350,2021-02-19,31.978254318237305
1351,2021-02-22,32.162960052490234
1352,2021-02-23,32.28050231933594
1353,2021-02-24,32.431610107421875
1354,2021-02-25,31.90270233154297
1355,2021-02-26,31.348600387573242
1356,2021-03-01,31.38218116760254
1357,2021-03-02,31.189088821411133
1358,2021-03-03,30.802906036376953
1359,2021-03-04,30.576221466064453
1360,2021-03-05,30.928829193115234
1361,2021-03-08,31.07994842529297
1362,2021-03-09,31.432552337646484
1363,2021-03-10,31.743188858032227
1364,2021-03-11,32.21332550048828
1365,2021-03-12,32.767433166503906
1366,2021-03-15,33.136837005615234
1367,2021-03-16,33.136837005615234
1368,2021-03-17,33.08645248413086
1369,2021-03-18,32.87657165527344
1370,2021-03-19,32.44001388549805
1371,2021-03-22,32.79783630371094
1372,2021-03-23,32.89958190917969
1373,2021-03-24,32.755435943603516
1374,2021-03-25,33.03525924682617
1375,2021-03-26,33.840789794921875
1376,2021-03-29,33.76447296142578
1377,2021-03-30,33.62032699584961
1378,2021-03-31,33.484649658203125
1379,2021-04-01,34.01884841918945
1380,2021-04-05,34.19691848754883
1381,2021-04-06,34.281715393066406
1382,2021-04-07,34.32410430908203
1383,2021-04-08,34.154518127441406
1384,2021-04-09,34.20539093017578
1385,2021-04-12,34.40890121459961
1386,2021-04-13,34.61239242553711
1387,2021-04-14,34.400413513183594
1388,2021-04-15,35.053314208984375
1389,2021-04-16,35.10420227050781
1390,2021-04-19,35.21443176269531
1391,2021-04-20,35.60447692871094
1392,2021-04-21,35.76557922363281
1393,2021-04-22,35.61296081542969
1394,2021-04-23,35.81645584106445
1395,2021-04-26,35.89277648925781
1396,2021-04-27,35.89277648925781
1397,2021-04-28,35.76557922363281
1398,2021-04-29,36.028438568115234
1399,2021-04-30,36.26585388183594
1400,2021-05-03,36.070831298828125
1401,2021-05-04,35.850364685058594
1402,2021-05-05,35.32466125488281
1403,2021-05-06,35.49424743652344
1404,2021-05-07,35.92668151855469
1405,2021-05-10,36.087799072265625
1406,2021-05-11,35.66383361816406
1407,2021-05-12,34.79894256591797
1408,2021-05-13,35.239871978759766
1409,2021-05-14,35.57056427001953
1410,2021-05-17,35.5875129699707
1411,2021-05-18,35.655357360839844
1412,2021-05-19,35.519683837890625
1413,2021-05-20,35.960601806640625
1414,2021-05-21,35.9012451171875
1415,2021-05-24,36.29128646850586
1416,2021-05-25,36.39304733276367
1417,2021-05-26,36.477840423583984
1418,2021-05-27,36.435447692871094
1419,2021-05-28,36.681339263916016
1420,2021-06-01,37.30881118774414
1421,2021-06-02,37.82604217529297
1422,2021-06-03,37.749725341796875
1423,2021-06-04,37.783653259277344
1424,2021-06-07,38.13977813720703
1425,2021-06-08,38.343284606933594
1426,2021-06-09,38.38568115234375
1427,2021-06-10,38.77572250366211
1428,2021-06-11,38.52982711791992
1429,2021-06-14,38.75028991699219
1430,2021-06-15,38.39415740966797
1431,2021-06-16,38.0465087890625
1432,2021-06-17,38.19065856933594
1433,2021-06-18,37.588626861572266
1434,2021-06-21,38.335365295410156
1435,2021-06-22,38.16468811035156
1436,2021-06-23,38.045196533203125
1437,2021-06-24,37.865989685058594
1438,2021-06-25,38.13908386230469
1439,2021-06-28,38.1561393737793
1440,2021-06-29,38.130550384521484
1441,2021-06-30,37.831851959228516
1442,2021-07-01,37.985469818115234
1443,2021-07-02,38.16468811035156
1444,2021-07-06,38.50605010986328
1445,2021-07-07,38.70233154296875
1446,2021-07-08,38.66819763183594
1447,2021-07-09,39.18024444580078
1448,2021-07-12,39.521610260009766
1449,2021-07-13,39.00956344604492
1450,2021-07-14,39.350929260253906
1451,2021-07-15,39.410667419433594
1452,2021-07-16,39.453338623046875
1453,2021-07-19,38.838871002197266
1454,2021-07-20,39.5386848449707
1455,2021-07-21,39.41919708251953
1456,2021-07-22,39.1375732421875
1457,2021-07-23,39.49599838256836
1458,2021-07-26,39.49599838256836
1459,2021-07-27,39.811771392822266
1460,2021-07-28,39.572811126708984
1461,2021-07-29,39.453338623046875
1462,2021-07-30,39.58134460449219
1463,2021-08-02,39.598426818847656
1464,2021-08-03,39.76057434082031
1465,2021-08-04,39.6325569152832
1466,2021-08-05,39.94831085205078
1467,2021-08-06,39.880035400390625
1468,2021-08-09,39.70082473754883
1469,2021-08-10,39.27411651611328
1470,2021-08-11,39.48747634887695
1471,2021-08-12,39.624019622802734
1472,2021-08-13,39.888572692871094
1473,2021-08-16,39.93125534057617
1474,2021-08-17,40.008052825927734
1475,2021-08-18,39.589881896972656
1476,2021-08-19,39.92272186279297
1477,2021-08-20,40.1104621887207
1478,2021-08-23,39.956851959228516
1479,2021-08-24,39.65815734863281
1480,2021-08-25,39.61549377441406
1481,2021-08-26,39.64108657836914
1482,2021-08-27,39.96539306640625
1483,2021-08-30,40.45183563232422
1484,2021-08-31,40.6907958984375
1485,2021-09-01,41.39059066772461
1486,2021-09-02,41.58687210083008
1487,2021-09-03,41.58687210083008
1488,2021-09-07,41.12602615356445
1489,2021-09-08,41.37351989746094
1490,2021-09-09,40.494503021240234
1491,2021-09-10,39.982460021972656
1492,2021-09-13,40.204341888427734
1493,2021-09-14,40.118995666503906
1494,2021-09-15,40.27260971069336
1495,2021-09-16,40.349430084228516
1496,2021-09-17,39.982460021972656
1497,2021-09-20,39.70869064331055
1498,2021-09-21,39.717262268066406
1499,2021-09-22,40.05195999145508
1500,2021-09-23,39.85457992553711
1501,2021-09-24,39.39973831176758
1502,2021-09-27,38.74750900268555
1503,2021-09-28,38.515804290771484
1504,2021-09-29,38.764678955078125
1505,2021-09-30,38.14677810668945
1506,2021-10-01,38.558712005615234
1507,2021-10-04,38.60161590576172
1508,2021-10-05,38.30125045776367
1509,2021-10-06,38.67027282714844
1510,2021-10-07,38.71317672729492
1511,2021-10-08,38.292667388916016
1512,2021-10-11,38.344154357910156
1513,2021-10-12,38.85906982421875
1514,2021-10-13,39.08220672607422
1515,2021-10-14,39.63145065307617
1516,2021-10-15,39.64861297607422
1517,2021-10-18,39.717262268066406
1518,2021-10-19,39.89749526977539
1519,2021-10-20,40.506813049316406
1520,2021-10-21,40.63554000854492
1521,2021-10-22,40.92732620239258
1522,2021-10-25,41.04747772216797
1523,2021-10-26,41.23627471923828
1524,2021-10-27,40.935909271240234
1525,2021-10-28,41.536643981933594
1526,2021-10-29,41.03889083862305
1527,2021-11-01,41.13330078125
1528,2021-11-02,41.51948165893555
1529,2021-11-03,41.75977325439453
1530,2021-11-04,41.28776168823242
1531,2021-11-05,41.38216781616211
1532,2021-11-08,41.37358474731445
1533,2021-11-09,41.5280647277832
1534,2021-11-10,41.32209014892578
1535,2021-11-11,41.33925247192383
1536,2021-11-12,41.356414794921875
1537,2021-11-15,41.5881233215332
1538,2021-11-16,41.33067321777344
1539,2021-11-17,41.605308532714844
1540,2021-11-18,41.596717834472656
1541,2021-11-19,41.37358474731445
1542,2021-11-22,41.167625427246094
1543,2021-11-23,41.605308532714844
1544,2021-11-24,42.16312789916992
1545,2021-11-26,41.02172088623047
1546,2021-11-29,41.536643981933594
1547,2021-11-30,40.669864654541016
1548,2021-12-01,40.13778305053711
1549,2021-12-02,41.23627471923828
1550,2021-12-03,41.030311584472656
1551,2021-12-06,41.622467041015625
1552,2021-12-07,42.36051559448242
1553,2021-12-08,42.540733337402344
1554,2021-12-09,42.000064849853516
1555,2021-12-10,42.21461868286133
1556,2021-12-13,42.781028747558594
1557,2021-12-14,42.30902099609375
1558,2021-12-15,42.93550109863281
1559,2021-12-16,43.09856033325195
1560,2021-12-17,42.952667236328125
1561,2021-12-20,42.671363830566406
1562,2021-12-21,42.91371536254883
1563,2021-12-22,43.33783721923828
1564,2021-12-23,43.20800018310547
1565,2021-12-27,44.09085464477539
1566,2021-12-28,44.281272888183594
1567,2021-12-29,44.549598693847656
1568,2021-12-30,44.74867630004883
1569,2021-12-31,44.8438835144043
1570,2022-01-03,44.42841720581055
1571,2022-01-04,44.255313873291016
1572,2022-01-05,42.818511962890625
1573,2022-01-06,42.87043762207031
1574,2022-01-07,42.64540100097656
1575,2022-01-10,42.39439010620117
1576,2022-01-11,42.32514953613281
1577,2022-01-12,42.43767166137695
1578,2022-01-13,42.290531158447266
1579,2022-01-14,41.79716110229492
1580,2022-01-18,41.511531829833984
1581,2022-01-19,40.974891662597656
1582,2022-01-20,40.61136245727539
1583,2022-01-21,40.58539962768555
1584,2022-01-24,40.67195510864258
1585,2022-01-25,40.55943298339844
1586,2022-01-26,39.884315490722656
1587,2022-01-27,39.16591262817383
1588,2022-01-28,40.52481460571289
1589,2022-01-31,40.974891662597656
1590,2022-02-01,40.69792175292969
1591,2022-02-02,41.399017333984375
1592,2022-02-03,40.974891662597656
1593,2022-02-04,40.412288665771484
1594,2022-02-07,40.42094802856445
1595,2022-02-08,40.057411193847656
1596,2022-02-09,41.02683639526367
1597,2022-02-10,39.85834503173828
1598,2022-02-11,39.31304931640625
1599,2022-02-14,38.88893508911133
1600,2022-02-15,39.079349517822266
1601,2022-02-16,39.1832160949707
1602,2022-02-17,38.84566116333008
1603,2022-02-18,38.672542572021484
1604,2022-02-22,38.56868362426758
1605,2022-02-23,38.0666618347168
1606,2022-02-24,38.7244758605957
1607,2022-02-25,39.69389343261719
1608,2022-02-28,39.01010513305664
1609,2022-03-01,38.932212829589844
1610,2022-03-02,39.62464141845703
1611,2022-03-03,40.057411193847656
1612,2022-03-04,40.394981384277344
1613,2022-03-07,39.65927505493164
1614,2022-03-08,39.30438995361328
1615,2022-03-09,39.96220779418945
1616,2022-03-10,40.1006965637207
1617,2022-03-11,39.70254898071289
1618,2022-03-14,39.46018600463867
1619,2022-03-15,39.771793365478516
1620,2022-03-16,40.213218688964844
1621,2022-03-17,40.78446960449219
1622,2022-03-18,40.87969207763672
1623,2022-03-21,40.66990280151367
1624,2022-03-22,40.69601821899414
1625,2022-03-23,40.234649658203125
1626,2022-03-24,40.54802703857422
1627,2022-03-25,41.02680206298828
1628,2022-03-28,41.549102783203125
1629,2022-03-29,42.76780700683594
1630,2022-03-30,42.53277587890625
1631,2022-03-31,42.06270217895508
1632,2022-04-01,42.898380279541016
1633,2022-04-04,42.76780700683594
1634,2022-04-05,42.8026237487793
1635,2022-04-06,43.43809509277344
1636,2022-04-07,43.08118438720703
1637,2022-04-08,43.237876892089844
1638,2022-04-11,42.645938873291016
1639,2022-04-12,42.51535415649414
1640,2022-04-13,42.68946075439453
1641,2022-04-14,42.44572067260742
1642,2022-04-18,42.34125518798828
1643,2022-04-19,43.22917175292969
1644,2022-04-20,44.04745101928711
1645,2022-04-21,43.76018142700195
1646,2022-04-22,42.976722717285156
1647,2022-04-25,42.77650833129883
1648,2022-04-26,42.106224060058594
1649,2022-04-27,41.85377883911133
1650,2022-04-28,42.619815826416016
1651,2022-04-29,40.56543731689453
1652,2022-05-02,39.512123107910156
1653,2022-05-03,39.990901947021484
1654,2022-05-04,40.460968017578125
1655,2022-05-05,39.425079345703125
1656,2022-05-06,39.02465057373047
1657,2022-05-09,37.20529556274414
1658,2022-05-10,36.37831497192383
1659,2022-05-11,36.32608413696289
1660,2022-05-12,36.595947265625
1661,2022-05-13,37.509971618652344
1662,2022-05-16,37.20529556274414
1663,2022-05-17,37.60572052001953
1664,2022-05-18,36.50889587402344
1665,2022-05-19,36.43925857543945
1666,2022-05-20,36.86579132080078
1667,2022-05-23,37.34457778930664
1668,2022-05-24,37.77982711791992
1669,2022-05-25,37.988746643066406
1670,2022-05-26,37.945220947265625
1671,2022-05-27,39.01594161987305
1672,2022-05-31,38.49363708496094
1673,2022-06-01,38.07579803466797
1674,2022-06-02,38.650325775146484
1675,2022-06-03,38.16285705566406
1676,2022-06-06,38.049678802490234
1677,2022-06-07,38.49363708496094
1678,2022-06-08,37.5709114074707
1679,2022-06-09,36.709102630615234
1680,2022-06-10,35.838600158691406
1681,2022-06-13,34.11500549316406
1682,2022-06-14,33.87126922607422
1683,2022-06-15,34.64601135253906
1684,2022-06-16,33.819034576416016
1685,2022-06-17,34.01925277709961
1686,2022-06-21,34.65281295776367
1687,2022-06-22,35.21442413330078
1688,2022-06-23,35.90764617919922
1689,2022-06-24,36.68864059448242
1690,2022-06-27,36.557010650634766
1691,2022-06-28,36.056827545166016
1692,2022-06-29,35.828670501708984
1693,2022-06-30,35.85499572753906
1694,2022-07-01,36.49558639526367
1695,2022-07-05,36.34640884399414
1696,2022-07-06,36.32008361816406
1697,2022-07-07,36.34640884399414
1698,2022-07-08,36.17967987060547
1699,2022-07-11,36.17967987060547
1700,2022-07-12,35.9515380859375
1701,2022-07-13,35.758480072021484
1702,2022-07-14,35.407470703125
1703,2022-07-15,35.97785186767578
1704,2022-07-18,35.62684631347656
1705,2022-07-19,36.60966110229492
1706,2022-07-20,36.425384521484375
1707,2022-07-21,36.80271530151367
1708,2022-07-22,37.08351135253906
1709,2022-07-25,37.10982894897461
1710,2022-07-26,37.18003463745117
1711,2022-07-27,37.381858825683594
1712,2022-07-28,38.759544372558594
1713,2022-07-29,38.90873336791992
1714,2022-08-01,38.55772399902344
1715,2022-08-02,38.04877853393555
1716,2022-08-03,38.206722259521484
1717,2022-08-04,38.24182891845703
1718,2022-08-05,38.36468505859375
1719,2022-08-08,38.64548110961914
1720,2022-08-09,38.952613830566406
1721,2022-08-10,39.47911834716797
1722,2022-08-11,39.294830322265625
1723,2022-08-12,39.96173858642578
1724,2022-08-15,40.13724136352539
1725,2022-08-16,39.97930145263672
1726,2022-08-17,39.86521530151367
1727,2022-08-18,39.59319305419922
1728,2022-08-19,39.20708084106445
1729,2022-08-22,38.39099884033203
1730,2022-08-23,37.81184768676758
1731,2022-08-24,38.11019515991211
1732,2022-08-25,38.698123931884766
1733,2022-08-26,37.71531677246094
1734,2022-08-29,37.39064025878906
1735,2022-08-30,36.85536193847656
1736,2022-08-31,36.723731994628906
1737,2022-09-01,36.85536193847656
1738,2022-09-02,36.22355651855469
1739,2022-09-06,36.60087966918945
1740,2022-09-07,37.302894592285156
1741,2022-09-08,37.4081916809082
1742,2022-09-09,37.76797103881836
1743,2022-09-12,38.0838737487793
1744,2022-09-13,36.635982513427734
1745,2022-09-14,36.188453674316406
1746,2022-09-15,35.39869689941406
1747,2022-09-16,35.407470703125
1748,2022-09-19,35.340171813964844
1749,2022-09-20,34.410404205322266
1750,2022-09-21,33.90567398071289
1751,2022-09-22,33.58689498901367
1752,2022-09-23,33.17069625854492
1753,2022-09-26,32.2763557434082
1754,2022-09-27,31.851320266723633
1755,2022-09-28,32.453453063964844
1756,2022-09-29,31.550249099731445
1757,2022-09-30,31.886735916137695
1758,2022-10-03,32.48002243041992
1759,2022-10-04,32.99360656738281
1760,2022-10-05,32.38261413574219
1761,2022-10-06,31.320011138916016
1762,2022-10-07,30.576200485229492
1763,2022-10-10,30.23085594177246
1764,2022-10-11,30.514219284057617
1765,2022-10-12,30.10688591003418
1766,2022-10-13,30.673601150512695
1767,2022-10-14,29.90322494506836
1768,2022-10-17,31.018949508666992
1769,2022-10-18,31.426273345947266
1770,2022-10-19,30.63818359375
1771,2022-10-20,30.48764991760254
1772,2022-10-21,30.700170516967773
1773,2022-10-24,30.682466506958008
1774,2022-10-25,31.895591735839844
1775,2022-10-26,31.833606719970703
1776,2022-10-27,31.851320266723633
1777,2022-10-28,32.603981018066406
1778,2022-10-31,32.524288177490234
1779,2022-11-01,32.47115707397461
1780,2022-11-02,31.621091842651367
1781,2022-11-03,31.603370666503906
1782,2022-11-04,32.0461311340332
1783,2022-11-07,32.03727340698242
1784,2022-11-08,32.23207092285156
1785,2022-11-09,31.87787628173828
1786,2022-11-10,34.32184600830078
1787,2022-11-11,34.30413818359375
1788,2022-11-14,33.3920783996582
1789,2022-11-15,33.808258056640625
1790,2022-11-16,33.569175720214844
1791,2022-11-17,33.26811218261719
1792,2022-11-18,33.69314956665039
1793,2022-11-21,33.93223190307617
1794,2022-11-22,34.1004753112793
1795,2022-11-23,34.15361404418945
1796,2022-11-25,34.35726547241211
1797,2022-11-28,33.3920783996582
1798,2022-11-29,33.9499397277832
1799,2022-11-30,34.74688720703125
1800,2022-12-01,34.676048278808594
1801,2022-12-02,34.5078125
1802,2022-12-05,33.92338180541992
1803,2022-12-06,33.66659164428711
1804,2022-12-07,33.73741912841797
1805,2022-12-08,33.9853630065918
1806,2022-12-09,33.914520263671875
1807,2022-12-12,34.197879791259766
1808,2022-12-13,34.95055389404297
1809,2022-12-14,34.614070892333984
1810,2022-12-15,34.21559143066406
1811,2022-12-16,33.20612716674805
1812,2022-12-19,32.81298065185547
1813,2022-12-20,32.741336822509766
1814,2022-12-21,33.07268524169922
1815,2022-12-22,32.9114875793457
1816,2022-12-23,33.2070198059082
1817,2022-12-27,33.180152893066406
1818,2022-12-28,32.65177536010742
1819,2022-12-29,33.37718200683594
1820,2022-12-30,33.07268524169922
1821,2023-01-03,33.19806671142578
1822,2023-01-04,33.95928192138672
1823,2023-01-05,32.9652214050293
1824,2023-01-06,33.923458099365234
1825,2023-01-09,33.90554428100586
1826,2023-01-10,34.00406265258789
1827,2023-01-11,35.23991394042969
1828,2023-01-12,35.63396453857422
1829,2023-01-13,35.42798614501953
1830,2023-01-17,35.43694305419922
1831,2023-01-18,34.89065933227539
1832,2023-01-19,34.72050476074219
1833,2023-01-20,35.12350845336914
1834,2023-01-23,35.222007751464844
1835,2023-01-24,35.3742561340332
1836,2023-01-25,35.41007614135742
1837,2023-01-26,35.813079833984375
1838,2023-01-27,36.13547134399414
1839,2023-01-30,35.69664764404297
1840,2023-01-31,36.35040283203125
1841,2023-02-01,36.61907196044922
1842,2023-02-02,37.46088409423828
1843,2023-02-03,36.68175506591797
1844,2023-02-06,36.448917388916016
1845,2023-02-07,36.305625915527344
1846,2023-02-08,36.207122802734375
1847,2023-02-09,35.85784912109375
1848,2023-02-10,35.92949295043945
1849,2023-02-13,36.2608528137207
1850,2023-02-14,35.88471984863281
1851,2023-02-15,35.98323059082031
1852,2023-02-16,35.65187072753906
1853,2023-02-17,35.47276306152344
1854,2023-02-21,34.774234771728516
1855,2023-02-22,34.460792541503906
1856,2023-02-23,34.79214096069336
1857,2023-02-24,34.1473503112793
1858,2023-02-27,34.201080322265625
1859,2023-02-28,34.218994140625
1860,2023-03-01,33.69062423706055
1861,2023-03-02,34.12944412231445
1862,2023-03-03,34.70258712768555
1863,2023-03-06,34.56825637817383
1864,2023-03-07,33.69956970214844
1865,2023-03-08,34.17421340942383
1866,2023-03-09,33.39509201049805
1867,2023-03-10,32.329383850097656
1868,2023-03-13,32.84880065917969
1869,2023-03-14,33.189117431640625
1870,2023-03-15,33.2070198059082
1871,2023-03-16,33.2070198059082
1872,2023-03-17,32.44580078125
1873,2023-03-20,32.793941497802734
1874,2023-03-21,32.60454177856445
1875,2023-03-22,31.41400146484375
1876,2023-03-23,31.22459602355957
1877,2023-03-24,32.02730941772461
1878,2023-03-27,31.919078826904297
1879,2023-03-28,31.81084632873535
1880,2023-03-29,32.5684700012207
1881,2023-03-30,32.99236297607422
1882,2023-03-31,33.71390914916992
1883,2023-04-03,33.398231506347656
1884,2023-04-04,33.407257080078125
1885,2023-04-05,33.23588180541992
1886,2023-04-06,33.461368560791016
1887,2023-04-10,33.63274383544922
1888,2023-04-11,33.795082092285156
1889,2023-04-12,33.69587326049805
1890,2023-04-13,33.587642669677734
1891,2023-04-14,33.01040267944336
1892,2023-04-17,33.759010314941406
1893,2023-04-18,33.704891204833984
1894,2023-04-19,33.9033088684082
1895,2023-04-20,33.49744415283203
1896,2023-04-21,33.53351974487305
1897,2023-04-24,33.443328857421875
1898,2023-04-25,33.13667678833008
1899,2023-04-26,32.866092681884766
1900,2023-04-27,33.659793853759766
1901,2023-04-28,34.04761505126953
1902,2023-05-01,33.73195266723633
1903,2023-05-02,33.15471267700195
1904,2023-05-03,32.947265625
1905,2023-05-04,33.25392532348633
1906,2023-05-05,33.76802062988281
1907,2023-05-08,33.53351974487305
1908,2023-05-09,33.42529296875
1909,2023-05-10,33.740962982177734
1910,2023-05-11,33.38921356201172
1911,2023-05-12,33.45235824584961
1912,2023-05-15,33.38921356201172
1913,2023-05-16,32.49631118774414
1914,2023-05-17,32.92021560668945
1915,2023-05-18,32.7127685546875
1916,2023-05-19,32.65865707397461
1917,2023-05-22,32.87511444091797
1918,2023-05-23,32.46924591064453
1919,2023-05-24,31.75673484802246
1920,2023-05-25,31.828886032104492
1921,2023-05-26,32.19868469238281
1922,2023-05-30,32.297882080078125
1923,2023-05-31,32.505332946777344
1924,2023-06-01,32.51434326171875
1925,2023-06-02,33.19981384277344
1926,2023-06-05,33.046485900878906
1927,2023-06-06,33.244903564453125
1928,2023-06-07,33.85821533203125
1929,2023-06-08,33.65077209472656
1930,2023-06-09,33.479408264160156
1931,2023-06-12,33.461368560791016
1932,2023-06-13,33.704891204833984
1933,2023-06-14,33.885276794433594
1934,2023-06-15,34.029579162597656
1935,2023-06-16,33.99350357055664
1936,2023-06-20,33.628353118896484
1937,2023-06-21,33.4826545715332
1938,2023-06-22,33.0091438293457
1939,2023-06-23,32.65401840209961
1940,2023-06-26,33.38249588012695
1941,2023-06-27,33.74673080444336
1942,2023-06-28,33.83779525756836
1943,2023-06-29,34.14739227294922
1944,2023-06-30,34.320404052734375
1945,2023-07-03,34.59358596801758
1946,2023-07-05,34.766597747802734
1947,2023-07-06,34.575374603271484
1948,2023-07-07,34.41147232055664
1949,2023-07-10,34.52984619140625
1950,2023-07-11,34.92139434814453
1951,2023-07-12,35.08531188964844
1952,2023-07-13,35.322059631347656
1953,2023-07-14,35.322059631347656
1954,2023-07-17,35.02156448364258
1955,2023-07-18,34.73017883300781
1956,2023-07-19,35.11262512207031
1957,2023-07-20,34.99424743652344
1958,2023-07-21,35.149044036865234
1959,2023-07-24,35.48597717285156
1960,2023-07-25,35.221893310546875
1961,2023-07-26,35.34939193725586
1962,2023-07-27,34.60268783569336
1963,2023-07-28,34.50252914428711
1964,2023-07-31,34.77571105957031
1965,2023-08-01,34.71196365356445
1966,2023-08-02,34.566261291503906
1967,2023-08-03,34.09275817871094
1968,2023-08-04,33.755836486816406
1969,2023-08-07,34.18381881713867
1970,2023-08-08,34.010799407958984
1971,2023-08-09,34.09275817871094
1972,2023-08-10,33.98348617553711
1973,2023-08-11,34.04722595214844
1974,2023-08-14,33.865108489990234
1975,2023-08-15,33.51908874511719
1976,2023-08-16,33.109310150146484
1977,2023-08-17,32.86345291137695
1978,2023-08-18,32.95451736450195
1979,2023-08-21,32.6722297668457
1980,2023-08-22,32.772396087646484
1981,2023-08-23,33.25501251220703
1982,2023-08-24,33.10021209716797
1983,2023-08-25,33.19126510620117
1984,2023-08-28,33.45533752441406
1985,2023-08-29,33.83779525756836
1986,2023-08-30,33.95616912841797
1987,2023-08-31,33.71030807495117
1988,2023-09-01,33.69209671020508
1989,2023-09-05,33.355186462402344
1990,2023-09-06,33.29143524169922
1991,2023-09-07,33.56461715698242
1992,2023-09-08,33.3460693359375
1993,2023-09-11,33.36428451538086
1994,2023-09-12,33.36428451538086
1995,2023-09-13,33.02736282348633
1996,2023-09-14,33.628353118896484
1997,2023-09-15,33.50087356567383
1998,2023-09-18,33.20808029174805
1999,2023-09-19,33.03368377685547
2000,2023-09-20,33.09793472290039
2001,2023-09-21,31.95061492919922
2002,2023-09-22,31.730323791503906
2003,2023-09-25,31.67525291442871
2004,2023-09-26,31.11536407470703
2005,2023-09-27,30.840007781982422
2006,2023-09-28,31.1612548828125
2007,2023-09-29,31.271394729614258
2008,2023-10-02,30.70232391357422
2009,2023-10-03,30.142431259155273
2010,2023-10-04,30.46367835998535
2011,2023-10-05,30.683969497680664
2012,2023-10-06,30.803287506103516
2013,2023-10-09,31.20714569091797
2014,2023-10-10,31.31728744506836
2015,2023-10-11,31.95061492919922
2016,2023-10-12,31.528390884399414
2017,2023-10-13,31.519214630126953
2018,2023-10-16,31.840457916259766
2019,2023-10-17,31.67525291442871
2020,2023-10-18,30.97768783569336
2021,2023-10-19,30.21585464477539
2022,2023-10-20,30.05982208251953
2023,2023-10-23,29.802824020385742
2024,2023-10-24,30.17914581298828
2025,2023-10-25,29.54582405090332
2026,2023-10-26,30.169967651367188
2027,2023-10-27,29.692676544189453
2028,2023-10-30,29.784467697143555
2029,2023-10-31,30.38107681274414
2030,2023-11-01,30.537113189697266
2031,2023-11-02,31.482501983642578
2032,2023-11-03,32.22596740722656
2033,2023-11-06,31.785400390625
2034,2023-11-07,31.519214630126953
2035,2023-11-08,31.70278549194336
2036,2023-11-09,31.216318130493164
2037,2023-11-10,31.565109252929688
2038,2023-11-13,31.298925399780273
2039,2023-11-14,32.98779296875
2040,2023-11-15,33.06121826171875
2041,2023-11-16,33.05203628540039
2042,2023-11-17,33.015323638916016
2043,2023-11-20,33.27231979370117
2044,2023-11-21,33.10710906982422
2045,2023-11-22,33.20808029174805
2046,2023-11-24,33.336570739746094
2047,2023-11-27,33.455894470214844
2048,2023-11-28,33.63946533203125
2049,2023-11-29,33.89646530151367
2050,2023-11-30,34.17181396484375
2051,2023-12-01,34.88774490356445
2052,2023-12-04,35.08050537109375
2053,2023-12-05,34.93364334106445
2054,2023-12-06,34.81432342529297
2055,2023-12-07,34.86021423339844
2056,2023-12-08,34.78678512573242
2057,2023-12-11,34.90610885620117
2058,2023-12-12,34.896934509277344
2059,2023-12-13,36.163578033447266
2060,2023-12-14,37.164031982421875
2061,2023-12-15,36.71428680419922
2062,2023-12-18,36.613182067871094
2063,2023-12-19,36.86363220214844
2064,2023-12-20,36.39982604980469
2065,2023-12-21,36.705936431884766
2066,2023-12-22,36.85435485839844
2067,2023-12-26,37.12336730957031
2068,2023-12-27,37.33671951293945
2069,2023-12-28,37.568626403808594
2070,2023-12-29,37.16046905517578
2071,2024-01-02,37.50369644165039
2072,2024-01-03,36.613182067871094
2073,2024-01-04,36.520416259765625
2074,2024-01-05,36.446205139160156
2075,2024-01-08,36.947120666503906
2076,2024-01-09,36.68739318847656
2077,2024-01-10,36.743038177490234
2078,2024-01-11,36.39982604980469
2079,2024-01-12,36.6781120300293
2080,2024-01-16,36.45548629760742
2081,2024-01-17,35.787593841552734
2082,2024-01-18,35.55569839477539
2083,2024-01-19,35.89891052246094
2084,2024-01-22,36.06588363647461
2085,2024-01-23,35.87107467651367
2086,2024-01-24,35.37943649291992
2087,2024-01-25,35.8618049621582
2088,2024-01-26,35.7041130065918
2089,2024-01-29,35.96384811401367
2090,2024-01-30,35.62989807128906
2091,2024-01-31,35.37016677856445
2092,2024-02-01,35.991668701171875
2093,2024-02-02,35.53713607788086
2094,2024-02-05,34.832149505615234
2095,2024-02-06,35.36088943481445
2096,2024-02-07,35.34233856201172
2097,2024-02-08,35.53713607788086
2098,2024-02-09,35.62989807128906
2099,2024-02-12,35.51858139038086
2100,2024-02-13,34.86925506591797
2101,2024-02-14,35.101158142089844
2102,2024-02-15,35.94528579711914
2103,2024-02-16,35.57423782348633
2104,2024-02-20,35.51858139038086
2105,2024-02-21,35.7783203125
2106,2024-02-22,35.87107467651367
2107,2024-02-23,35.91746139526367
2108,2024-02-26,35.50931167602539
2109,2024-02-27,35.53713607788086
2110,2024-02-28,35.991668701171875
2111,2024-02-29,36.279232025146484
2112,2024-03-01,36.6781120300293
2113,2024-03-04,37.095550537109375
2114,2024-03-05,36.62245178222656
2115,2024-03-06,36.82653045654297
2116,2024-03-07,36.82653045654297
2117,2024-03-08,37.262508392333984
2118,2024-03-11,37.076988220214844
2119,2024-03-12,36.984230041503906
2120,2024-03-13,36.752315521240234
2121,2024-03-14,36.23285675048828
2122,2024-03-15,36.21430206298828
2123,2024-03-18,36.20869445800781
2124,2024-03-19,36.20869445800781
2125,2024-03-20,36.35812759399414
2126,2024-03-21,36.49821472167969
2127,2024-03-22,36.068599700927734
2128,2024-03-25,35.92851638793945
2129,2024-03-26,35.77907943725586
2130,2024-03-27,36.68500518798828
2131,2024-03-28,36.918487548828125
2132,2024-04-01,36.274070739746094
2133,2024-04-02,35.87247848510742
2134,2024-04-03,35.89115524291992
2135,2024-04-04,35.61097717285156
2136,2024-04-05,35.844459533691406
2137,2024-04-08,36.15266036987305
2138,2024-04-09,36.610286712646484
2139,2024-04-10,35.106651306152344
2140,2024-04-11,35.144004821777344
2141,2024-04-12,34.7797737121582
2142,2024-04-15,34.1727180480957
2143,2024-04-16,33.649715423583984
2144,2024-04-17,33.369529724121094
2145,2024-04-18,33.378875732421875
2146,2024-04-19,33.509620666503906
2147,2024-04-22,33.780460357666016
2148,2024-04-23,34.08865737915039
2149,2024-04-24,34.21941375732422
2150,2024-04-25,34.02328872680664
2151,2024-04-26,34.051307678222656
2152,2024-04-29,34.4342155456543
2153,2024-04-30,33.79914474487305
2154,2024-05-01,33.81781768798828
2155,2024-05-02,34.303462982177734
2156,2024-05-03,34.574310302734375
2157,2024-05-06,34.58364486694336
2158,2024-05-07,34.9478759765625
2159,2024-05-08,34.62100601196289
2160,2024-05-09,35.442867279052734
2161,2024-05-10,35.31211853027344
2162,2024-05-13,35.405517578125
2163,2024-05-14,35.65767288208008
2164,2024-05-15,36.26473617553711
2165,2024-05-16,36.1993522644043
2166,2024-05-17,36.1993522644043
2167,2024-05-20,35.97521209716797
2168,2024-05-21,35.94719314575195
2169,2024-05-22,35.63899230957031
2170,2024-05-23,34.882503509521484
2171,2024-05-24,34.882503509521484
2172,2024-05-28,34.677040100097656
2173,2024-05-29,34.35016632080078
2174,2024-05-30,34.845149993896484
2175,2024-05-31,35.53626251220703
2176,2024-06-03,35.39617156982422
2177,2024-06-04,35.73238754272461
2178,2024-06-05,35.68569564819336
2179,2024-06-06,35.741722106933594
2180,2024-06-07,35.461551666259766
2181,2024-06-10,35.63899230957031
2182,2024-06-11,35.52692794799805
2183,2024-06-12,35.77907943725586
2184,2024-06-13,35.956539154052734
2185,2024-06-14,35.98455047607422
2186,2024-06-17,35.79777145385742
2187,2024-06-18,35.9378547668457
2188,2024-06-20,35.844459533691406
2189,2024-06-21,35.9378547668457
2190,2024-06-24,36.1803092956543
2191,2024-06-25,35.670867919921875
2192,2024-06-26,35.623695373535156
2193,2024-06-27,35.9444580078125
2194,2024-06-28,36.23691940307617
2195,2024-07-01,35.887855529785156
2196,2024-07-02,36.03879928588867
2197,2024-07-03,36.00105667114258
2198,2024-07-05,36.133140563964844
2199,2024-07-08,36.218048095703125
2200,2024-07-09,36.22748565673828
2201,2024-07-10,36.48221206665039
2202,2024-07-11,37.45393753051758
2203,2024-07-12,37.727535247802734
2204,2024-07-15,37.887916564941406
2205,2024-07-16,38.24641036987305
2206,2024-07-17,38.5860481262207
2207,2024-07-18,38.265281677246094
2208,2024-07-19,38.218109130859375
2209,2024-07-22,38.59547424316406
2210,2024-07-23,38.52943801879883
2211,2024-07-24,38.00112533569336
2212,2024-07-25,37.7935676574707
2213,2024-07-26,38.425662994384766
2214,2024-07-29,38.670955657958984
2215,2024-07-30,38.953983306884766
2216,2024-07-31,38.859642028808594
2217,2024-08-01,39.46342849731445
2218,2024-08-02,39.49173355102539
2219,2024-08-05,38.35018539428711
2220,2024-08-06,39.19926834106445
2221,2024-08-07,38.91624450683594
2222,2024-08-08,39.24644088745117
2223,2024-08-09,39.44456100463867
2224,2024-08-12,39.208709716796875
2225,2024-08-13,39.4822998046875
2226,2024-08-14,39.623809814453125
2227,2024-08-15,39.51060485839844
2228,2024-08-16,39.49173355102539
2229,2024-08-19,39.72758102416992
2230,2024-08-20,39.765323638916016
2231,2024-08-21,39.897403717041016
2232,2024-08-22,40.142696380615234
2233,2024-08-23,40.91630554199219
2234,2024-08-26,40.888004302978516
2235,2024-08-27,40.99177551269531
2236,2024-08-28,40.85026168823242
2237,2024-08-29,40.689884185791016
2238,2024-08-30,41.086116790771484
2239,2024-09-03,41.18046188354492
2240,2024-09-04,41.27480697631836
2241,2024-09-05,41.16159439086914
2242,2024-09-06,41.16159439086914
2243,2024-09-09,41.65217208862305
2244,2024-09-10,42.3880500793457
2245,2024-09-11,42.27483367919922
2246,2024-09-12,42.35030746459961
2247,2024-09-13,42.65220642089844
2248,2024-09-16,42.7937126159668
2249,2024-09-17,42.45408630371094
2250,2024-09-18,42.3314323425293
2251,2024-09-19,42.227657318115234
2252,2024-09-20,42.15218734741211
2253,2024-09-23,42.618656158447266
2254,2024-09-24,42.618656158447266
2255,2024-09-25,42.43814468383789
2256,2024-09-26,42.020137786865234
2257,2024-09-27,42.0771369934082
2258,2024-09-30,42.43814468383789
2259,2024-10-01,42.181640625
2260,2024-10-02,42.02963638305664
2261,2024-10-03,41.621116638183594
2262,2024-10-04,41.34560775756836
2263,2024-10-07,41.041595458984375
2264,2024-10-08,41.16510009765625
2265,2024-10-09,41.18409729003906
2266,2024-10-10,40.84209442138672
2267,2024-10-11,41.260101318359375
2268,2024-10-14,41.54511642456055
2269,2024-10-15,42.06763458251953
2270,2024-10-16,42.48565673828125
2271,2024-10-17,42.210140228271484
2272,2024-10-18,42.50465393066406
2273,2024-10-21,41.630619049072266
2274,2024-10-22,41.697120666503906
2275,2024-10-23,42.10563659667969
2276,2024-10-24,42.20064163208008
2277,2024-10-25,41.86812973022461
2278,2024-10-28,42.001129150390625
2279,2024-10-29,41.621116638183594
2280,2024-10-30,41.77312088012695
2281,2024-10-31,41.041595458984375
2282,2024-11-01,40.604583740234375
2283,2024-11-04,41.06060028076172
2284,2024-11-05,41.621116638183594
2285,2024-11-06,40.509578704833984
2286,2024-11-07,41.013092041015625
2287,2024-11-08,41.716121673583984
2288,2024-11-11,41.355106353759766
2289,2024-11-12,40.83258819580078
2290,2024-11-13,41.155601501464844
2291,2024-11-14,40.78508377075195
2292,2024-11-15,40.83258819580078
2293,2024-11-18,41.193603515625
2294,2024-11-19,41.3646125793457
2295,2024-11-20,41.29810333251953
2296,2024-11-21,41.5736198425293
2297,2024-11-22,41.88712692260742
2298,2024-11-25,42.447654724121094
2299,2024-11-26,42.656654357910156
2300,2024-11-27,42.951168060302734
2301,2024-11-29,42.75166320800781
2302,2024-12-02,42.10563659667969
2303,2024-12-03,41.85862731933594
2304,2024-12-04,41.74462127685547
2305,2024-12-05,41.64011764526367
2306,2024-12-06,41.58311462402344
2307,2024-12-09,41.66862106323242
2308,2024-12-10,40.99409103393555
2309,2024-12-11,40.88959503173828
2310,2024-12-12,40.861087799072266
2311,2024-12-13,40.69008255004883
2312,2024-12-16,40.481075286865234
2313,2024-12-17,40.30057144165039
2314,2024-12-18,38.72350311279297
2315,2024-12-19,38.05847930908203
2316,2024-12-20,38.75200271606445
2317,2024-12-23,38.92869186401367
2318,2024-12-24,39.187965393066406
2319,2024-12-26,39.245574951171875
2320,2024-12-27,38.92869186401367
2321,2024-12-30,38.74624252319336
2322,2024-12-31,39.05352020263672
2323,2025-01-02,38.688629150390625
2324,2025-01-03,39.216766357421875
2325,2025-01-06,38.67902755737305
2326,2025-01-07,38.39094924926758
2327,2025-01-08,38.554195404052734
2328,2025-01-10,37.622745513916016
2329,2025-01-13,38.102874755859375
2330,2025-01-14,38.42936325073242
2331,2025-01-15,38.59260177612305
2332,2025-01-16,39.45682907104492
2333,2025-01-17,39.447235107421875
2334,2025-01-21,40.167423248291016
2335,2025-01-22,39.4664306640625
2336,2025-01-23,39.78331756591797
2337,2025-01-24,39.8985481262207
2338,2025-01-27,40.29225540161133
2339,2025-01-28,39.802520751953125
2340,2025-01-29,39.34159851074219
2341,2025-01-30,39.860137939453125
2342,2025-01-31,39.773712158203125
2343,2025-02-03,39.70649337768555
2344,2025-02-04,39.70649337768555
2345,2025-02-05,40.330665588378906
2346,2025-02-06,40.445892333984375
2347,2025-02-07,40.30185317993164
2348,2025-02-10,40.35947036743164
2349,2025-02-11,40.58032989501953
2350,2025-02-12,40.234642028808594
2351,2025-02-13,40.55152130126953
2352,2025-02-14,40.388282775878906
2353,2025-02-18,40.53231430053711
2354,2025-02-19,40.60913848876953
2355,2025-02-20,40.887611389160156
2356,2025-02-21,40.55152130126953
2357,2025-02-24,40.73397445678711
2358,2025-02-25,41.16608428955078
2359,2025-02-26,40.96443176269531
2360,2025-02-27,41.14687728881836
2361,2025-02-28,41.43495559692383
2362,2025-03-03,41.790252685546875
2363,2025-03-04,41.31012725830078
2364,2025-03-05,41.6942253112793
2365,2025-03-06,40.55152130126953
2366,2025-03-07,40.781982421875
2367,2025-03-10,40.388282775878906
2368,2025-03-11,39.96576690673828
2369,2025-03-12,39.82172775268555
2370,2025-03-13,39.043922424316406
2371,2025-03-14,39.802520751953125
2372,2025-03-17,40.503509521484375
2373,2025-03-18,40.253841400146484
2374,2025-03-19,40.30185317993164
2375,2025-03-20,40.253841400146484
2376,2025-03-21,39.860137939453125
2377,2025-03-24,40.414852142333984
2378,2025-03-25,39.93165588378906
2379,2025-03-26,40.13459396362305
2380,2025-03-27,40.03795623779297
2381,2025-03-28,40.01863098144531
2382,2025-03-31,40.44384002685547
2383,2025-04-01,40.47283935546875
2384,2025-04-02,40.66612243652344
2385,2025-04-03,39.44845199584961
2386,2025-04-04,37.65094757080078
2387,2025-04-07,36.74253463745117
2388,2025-04-08,35.8341178894043
2389,2025-04-09,37.892547607421875
2390,2025-04-10,37.09043884277344
2391,2025-04-11,37.61228942871094
2392,2025-04-14,38.443397521972656
2393,2025-04-15,38.50138473510742
2394,2025-04-16,38.4820556640625
2395,2025-04-17,39.090885162353516
2396,2025-04-21,38.27910614013672
2397,2025-04-22,39.0618896484375
2398,2025-04-23,39.11021423339844
2399,2025-04-24,39.22618103027344
2400,2025-04-25,39.16819763183594
2401,2025-04-28,39.40979766845703
2402,2025-04-29,39.72870635986328
2403,2025-04-30,39.91232681274414
2404,2025-05-01,40.028289794921875
2405,2025-05-02,40.521156311035156
2406,2025-05-05,40.47283935546875
2407,2025-05-06,40.19258117675781
2408,2025-05-07,40.16359329223633
2409,2025-05-08,39.970314025878906
2410,2025-05-09,40.211910247802734
2411,2025-05-12,40.25056838989258
2412,2025-05-13,39.709381103515625
2413,2025-05-14,39.37114334106445
2414,2025-05-15,40.095943450927734
2415,2025-05-16,40.59846496582031
2416,2025-05-19,40.685447692871094
2417,2025-05-20,40.47283935546875
2418,2025-05-21,39.4001350402832
2419,2025-05-22,39.26483917236328
2420,2025-05-23,39.27450180053711
2421,2025-05-27,39.92198944091797
2422,2025-05-28,39.92198944091797
2423,2025-05-29,40.28921890258789
2424,2025-05-30,40.327877044677734
2425,2025-06-02,40.385860443115234
2426,2025-06-03,40.24090576171875
2427,2025-06-04,40.36653518676758
2428,2025-06-05,40.356868743896484
2429,2025-06-06,40.47283935546875
2430,2025-06-09,40.45351028442383
2431,2025-06-10,40.811073303222656
2432,2025-06-11,40.58880615234375
2433,2025-06-12,40.811073303222656
2434,2025-06-13,40.48250198364258
2435,2025-06-16,40.521156311035156
2436,2025-06-17,40.356868743896484
2437,2025-06-18,40.434181213378906
2438,2025-06-20,40.42451858520508
2439,2025-06-23,41.01447677612305
2440,2025-06-24,41.209503173828125
2441,2025-06-25,40.205108642578125
2442,2025-06-26,39.951576232910156
2443,2025-06-27,40.097843170166016
2444,2025-06-30,40.390384674072266
2445,2025-07-01,40.66342544555664
2446,2025-07-02,40.74143600463867
2447,2025-07-03,40.76094436645508
2448,2025-07-07,40.44889450073242
2449,2025-07-08,40.390384674072266
2450,2025-07-09,40.370887756347656
2451,2025-07-10,40.57566452026367
2452,2025-07-11,40.536659240722656
2453,2025-07-14,40.809696197509766
2454,2025-07-15,40.28312301635742
2455,2025-07-16,40.72193145751953
2456,2025-07-17,40.68292999267578
2457,2025-07-18,40.79994583129883
2458,2025-07-21,40.95596694946289
2459,2025-07-22,41.667823791503906
2460,2025-07-23,41.78483963012695
2461,2025-07-24,41.72633361816406
2462,2025-07-25,41.72633361816406
2463,2025-07-28,41.00472640991211
2464,2025-07-29,41.68732452392578
2465,2025-07-30,41.10224151611328
2466,2025-07-31,40.380638122558594
2467,2025-08-01,40.26361846923828
2468,2025-08-04,40.604915618896484
2469,2025-08-05,40.74143600463867
2470,2025-08-06,40.4001350402832
2471,2025-08-07,40.55615997314453
2472,2025-08-08,40.22461700439453
2473,2025-08-11,39.990577697753906
2474,2025-08-12,40.058841705322266
2475,2025-08-13,40.32212448120117
2476,2025-08-14,40.039337158203125
2477,2025-08-15,40.30262756347656
2478,2025-08-18,39.92231750488281
2479,2025-08-19,40.63417053222656
2480,2025-08-20,40.79019546508789
2481,2025-08-21,40.643924713134766
2482,2025-08-22,41.28751754760742
2483,2025-08-25,41.082740783691406
2484,2025-08-26,40.965721130371094
2485,2025-08-27,41.14124298095703
2486,2025-08-28,41.03398132324219
2487,2025-08-29,41.258262634277344
2488,2025-09-02,40.55615997314453
2489,2025-09-03,40.44889450073242
2490,2025-09-04,40.72193145751953
2491,2025-09-05,41.13149642944336
2492,2025-09-08,40.858455657958984
2493,2025-09-09,40.83895492553711
2494,2025-09-10,40.8194465637207
2495,2025-09-11,41.4825439453125
2496,2025-09-12,41.29726791381836
2497,2025-09-15,41.24850845336914
2498,2025-09-16,41.00472640991211
2499,2025-09-17,40.98522186279297
2500,2025-09-18,41.01447677612305
2501,2025-09-19,40.809696197509766
2502,2025-09-22,40.94430923461914
2503,2025-09-23,41.2685661315918
2504,2025-09-24,40.84605407714844
2505,2025-09-25,40.747798919677734
2506,2025-09-26,41.150657653808594
2507,2025-09-29,41.2292594909668
2508,2025-09-30,41.39630126953125
2509,2025-10-01,41.39630126953125
2510,2025-10-02,41.18013381958008
2511,2025-10-03,41.34717559814453
2512,2025-10-06,40.934486389160156
2513,2025-10-07,40.8067512512207
2514,2025-10-08,40.600406646728516
2515,2025-10-09,40.41371536254883
2516,2025-10-10,39.971553802490234
2517,2025-10-13,40.197547912597656
2518,2025-10-14,40.580753326416016
2519,2025-10-15,41.17030715942383
2520,2025-10-16,41.04256820678711
2521,2025-10-17,41.30786895751953
2522,2025-10-20,41.740203857421875
2523,2025-10-21,41.61246871948242
2524,2025-10-22,41.79916000366211
2525,2025-10-23,41.75986099243164
2526,2025-10-24,41.907249450683594
2527,2025-10-27,41.99568176269531
2528,2025-10-28,41.062225341796875
2529,2025-10-29,39.94207763671875
2530,2025-10-30,40.16807174682617
2531,2025-10-31,40.18772506713867
2532,2025-11-03,40.11894226074219
2533,2025-11-04,40.22702407836914
2534,2025-11-05,40.217201232910156
2535,2025-11-06,40.02068328857422
2536,2025-11-07,40.55127716064453
2537,2025-11-10,40.52180099487305
2538,2025-11-11,40.973793029785156
2539,2025-11-12,40.6495361328125
2540,2025-11-13,40.11894226074219
2541,2025-11-14,40.23685073852539
2542,2025-11-17,39.971553802490234
2543,2025-11-18,40.11894226074219
2544,2025-11-19,39.80451202392578
2545,2025-11-20,39.66695022583008
2546,2025-11-21,40.18772506713867
2547,2025-11-24,40.24667739868164
2548,2025-11-25,40.57093048095703
2549,2025-11-26,40.747798919677734
2550,2025-11-28,40.94430923461914
2551,2025-12-01,40.37441635131836
2552,2025-12-02,40.27615737915039
2553,2025-12-03,40.354759216308594
2554,2025-12-04,40.285980224609375
2555,2025-12-05,40.27615737915039
2556,2025-12-08,40.03050994873047
2557,2025-12-09,39.7946891784668
2558,2025-12-10,39.87329864501953
2559,2025-12-11,40.08946228027344
2560,2025-12-12,40.04033279418945
2561,2025-12-15,40.197547912597656
2562,2025-12-16,39.84381866455078
2563,2025-12-17,40.02068328857422
2564,2025-12-18,39.7750358581543
2565,2025-12-19,39.627647399902344
2566,2025-12-22,39.921669006347656
2567,2025-12-23,39.911739349365234
2568,2025-12-24,40.17000198364258
2569,2025-12-26,40.24946975708008
2570,2025-12-29,40.358734130859375
2571,2025-12-30,40.44813537597656
2572,2025-12-31,40.08060073852539
2573,2026-01-02,40.11040496826172
2574,2026-01-05,40.16006851196289
2575,2026-01-06,40.42826843261719
2576,2026-01-07,39.872005462646484
2577,2026-01-08,40.17000198364258
2578,2026-01-09,40.2296028137207
2579,2026-01-12,40.34880065917969
2580,2026-01-13,40.65673065185547
2581,2026-01-14,41.1136589050293
2582,2026-01-15,41.421592712402344
2583,2026-01-16,41.928184509277344
2584,2026-01-20,41.12359619140625
2585,2026-01-21,41.27259063720703
2586,2026-01-22,40.86532974243164
2587,2026-01-23,40.97459411621094
2588,2026-01-26,40.94479751586914
2589,2026-01-27,40.97459411621094
2590,2026-01-28,40.57726287841797
2591,2026-01-29,41.09379196166992
2592,2026-01-30,41.15339279174805
2593,2026-02-02,40.68653106689453
2594,2026-02-03,40.537532806396484
2595,2026-02-04,41.18319320678711
2596,2026-02-05,40.95472717285156
2597,2026-02-06,41.70965576171875
2598,2026-02-09,41.967918395996094
2599,2026-02-10,42.553977966308594
2600,2026-02-11,42.514244079589844
2601,2026-02-12,42.583778381347656
2602,2026-02-13,43.209571838378906
2603,2026-02-17,43.64663314819336
2604,2026-02-18,43.06057357788086
2605,2026-02-19,42.91157531738281
2606,2026-02-20,43.26917266845703
2607,2026-02-23,43.31884002685547
2608,2026-02-24,43.43803787231445
2609,2026-02-25,43.14997100830078
2610,2026-02-26,43.338706970214844
2611,2026-02-27,43.54730224609375
2612,2026-03-02,43.626766204833984
2613,2026-03-03,43.40823745727539
2614,2026-03-04,43.46783447265625
2615,2026-03-05,43.05064010620117
2616,2026-03-06,42.60364532470703
2617,2026-03-09,42.69304275512695
2618,2026-03-10,42.63344192504883
2619,2026-03-11,42.12685012817383
2620,2026-03-12,41.85865020751953
2621,2026-03-13,41.967918395996094
2622,2026-03-16,42.29571533203125
2623,2026-03-17,42.43478012084961
2624,2026-03-18,41.73945236206055
2625,2026-03-19,41.64011764526367
2626,2026-03-20,40.319000244140625
2627,2026-03-23,40.619998931884766
2628,2026-03-24,40.290000915527344
2629,2026-03-25,40.27000045776367
2630,2026-03-26,40.290000915527344
2631,2026-03-27,40.0099983215332
2632,2026-03-30,40.209999084472656
2633,2026-03-31,40.83000183105469
2634,2026-04-01,40.95000076293945
2635,2026-04-02,41.61000061035156
2636,2026-04-06,41.7599983215332
2637,2026-04-07,41.720001220703125
2638,2026-04-08,42.439998626708984
2639,2026-04-09,42.72999954223633
2640,2026-04-10,42.81999969482422
